wasm,instances,oz_version,oz_crates,oz_modules,sdk,desc
07097f83dae3b746db7dba3263d9cc334efb88a9a7d5450fb96ca19f33d284b0,99794,"0.4.0,0.4.1,0.5.0,0.6.0",stellar-access;stellar-contract-utils,OwnableError;UpgradeableError,22.0.7,Rain Card Collateral Contract
0a41411f7250a78da15d6cd6cf78086e19d98bc917dd0a51e03a34f5ab969781,2276,undetermined (0.4.0-0.7.2),stellar-contract-utils,FungibleTokenError;PausableError,22.0.6,
f340242d143b42e273f628f44ccb907f55f5beb256f3de17de2c005fcdbc9783,1244,0.6.0,stellar-accounts;stellar-contract-utils,CryptoError;MerkleDistributorError;PausableError;SimpleThresholdError;SmartAccountError;SorobanFixedPointError;SpendingLimitError;UpgradeableError;WebAuthnError;WeightedThresholdError,23.4.0,
a12e8fa9621efd20315753bd4007d974390e31fbcb4a7ddc4dd0a0dec728bf2e,246,mixed/forked (no single release fits),stellar-accounts;stellar-contract-utils,CryptoError;MerkleDistributorError;PausableError;SimpleThresholdError;SmartAccountError;SorobanFixedPointError;SpendingLimitError;UpgradeableError;WebAuthnError;WeightedThresholdError,23.2.1,
dc7fbf08126a0eaa8122f27afd958e683a04c94a5eb1a65616494557414fa647,96,0.6.0,stellar-accounts;stellar-contract-utils,CryptoError;MerkleDistributorError;PausableError;SimpleThresholdError;SmartAccountError;SorobanFixedPointError;SpendingLimitError;UpgradeableError;WebAuthnError;WeightedThresholdError,25.0.2,
72acff3c98c3670a06bd20c7a6f04b6676e1e12a06dad46d7e588ab55c3765c4,20,"0.4.0,0.4.1,0.5.0",stellar-access,AccessControlError;OwnableError;RoleTransferError,22.0.8,
1e25669bacd907ec14114b9e943312a6ec4ab265cb407646cfb567517009ba70,19,"0.7.0,0.7.1,0.7.2",stellar-accounts,SmartAccountError,25.3.1,
6fd2e807c8b3c046420813b263f6476b35760908bcd656f5ee22c563d86000ba,16,0.5.0,stellar-contract-utils;stellar-tokens,ClaimIssuerError;ClaimTopicsAndIssuersError;ClaimsError;ComplianceError;CryptoError;DocumentError;FungibleTokenError;IRSError;MerkleDistributorError;NonFungibleTokenError;PausableError;RWAError;SorobanFixedPointError;TokenBinderError;UpgradeableError;VaultTokenError,23.5.3,
af7bcef43d779b4c88bf4325a70de23deac55f401352be1e0ee3f3c378a5b4fd,13,"0.4.0,0.4.1,0.5.0",stellar-access,AccessControlError;OwnableError;RoleTransferError,22.0.8,
3967b1e7a284bce179272f5f8826d02d73fa1cd0791c8e0764a48bafaaf62f17,12,"0.4.0,0.4.1,0.5.0",stellar-access,AccessControlError;OwnableError;RoleTransferError,22.0.8,
3a32d41eed54b2292852f27a014c3a62fca7ff62923d24ab44e6ac4eb37af8f8,10,"0.7.0,0.7.1,0.7.2",stellar-accounts,SmartAccountError,25.3.1,
52ba2e1cdee4e0236eb1ce0ac415553adfe9da399df95beaa3204e15b3c5429b,10,"0.7.0,0.7.1,0.7.2",stellar-access;stellar-accounts,AccessControlError;OwnableError;RoleTransferError;SimpleThresholdError;SmartAccountError;SpendingLimitError;WebAuthnError;WeightedThresholdError,25.3.0,
65e6fa754cc1edbbe365c69d8b86be71666329a8283b5305ac34efafdbfd28cd,10,undetermined (0.4.0-0.7.2),stellar-contract-utils,CryptoError;MerkleDistributorError,22.0.8,
b8583edbc056cf7ffb4903520ab429db3404f02afc7a5aa631705267d0779dfb,10,0.5.0,stellar-contract-utils;stellar-tokens,ClaimIssuerError;ClaimTopicsAndIssuersError;ClaimsError;ComplianceError;CryptoError;DocumentError;FungibleTokenError;IRSError;MerkleDistributorError;NonFungibleTokenError;PausableError;RWAError;SorobanFixedPointError;TokenBinderError;UpgradeableError;VaultTokenError,23.5.3,
ee003d395f9508ae4b8c073d409056f5b245f52a2918bd1724b0a081ce1bf420,10,"0.7.0,0.7.1,0.7.2",stellar-access;stellar-contract-utils;stellar-governance;stellar-tokens,AccessControlError;ClaimIssuerError;ClaimTopicsAndIssuersError;ClaimsError;ComplianceError;CryptoError;DocumentError;FungibleTokenError;GovernorError;IRSError;MerkleDistributorError;NonFungibleTokenError;OwnableError;PausableError;RWAError;RoleTransferError;SorobanFixedPointError;TimelockError;TokenBinderError;VaultTokenError;VotesError,25.3.0,
7759620455ec23b490994618b75f0cd445d1ce79067b0da790954eb31e2c9340,9,0.5.0,stellar-accounts,SimpleThresholdError;SmartAccountError;SpendingLimitError;WebAuthnError;WeightedThresholdError,23.2.1,
b73fe80ad74587eb8ffbbece1207c086d1b0182bc17c50fa263c2b818fa9eea2,8,0.5.0,stellar-accounts,SimpleThresholdError;SmartAccountError;SpendingLimitError;WebAuthnError;WeightedThresholdError,23.2.1,
2f6794570015e7de80623402126a700bc009f7f1cc5dc5823e4967e054cfe183,7,"0.4.0,0.4.1,0.5.0",stellar-access,AccessControlError;OwnableError;RoleTransferError,22.0.8,
63f0bc7bfef41d314e668b1b4dc488e3b3cb3cc4875da18d95b6decc0ef3fb16,7,"0.4.0,0.4.1,0.5.0",stellar-access;stellar-tokens,AccessControlError;FungibleTokenError;NonFungibleTokenError;OwnableError;RoleTransferError,22.0.8,
f48f10d9c7d35fc7783b5e27578bf0e764e3a30ff26a3bd7d8e57758c17a9ea8,7,"0.4.0,0.4.1,0.5.0",stellar-access;stellar-contract-utils;stellar-tokens,AccessControlError;CryptoError;FungibleTokenError;MerkleDistributorError;NonFungibleTokenError;OwnableError;PausableError;RoleTransferError;UpgradeableError,22.0.8,
26f71e210a0bc650caed1cf60a1b96a8e96a88a682b35de2c661adcf56c43f44,6,undetermined (0.4.0-0.7.2),,,25.3.1,
84a88013828d4c4f4e4f5d0fa2f686050d69889384a044eab3ec4b1169f810ea,6,"0.4.0,0.4.1,0.5.0,0.6.0",stellar-access;stellar-contract-utils,OwnableError;UpgradeableError,22.0.7,Rain Card Coordinator Contract
0ef011ec6afb97e24675cdf83e4def5d59ef4bc5963ae12806afe9bde07e4bad,5,0.5.0,stellar-accounts,SimpleThresholdError;SmartAccountError;SpendingLimitError;WebAuthnError;WeightedThresholdError,23.2.1,
2b48212aa3f2af4b81e9dcee3000c6396eaf00afe8613d0fa2665f9cdfee0adf,5,undetermined (0.4.0-0.7.2),stellar-accounts,SimpleThresholdError;SmartAccountError;SpendingLimitError;WebAuthnError;WeightedThresholdError,25.3.0,
3f7792e289df95d3199ed9db35a0cf2a5154aa64cd7298a8c441b7170230635b,5,"0.4.0,0.4.1,0.5.0",stellar-tokens,NonFungibleTokenError,22.0.8,
466e59f1477cd2cadb1e649d3bc09648f42f784ebc527f28566bc8d9c10ae785,5,undetermined (0.4.0-0.7.2),,,25.3.1,
43d2935437b3bf3c2fd6cfc5f8d179882e3451da4fb23990e8697c3cfb3cc18b,4,"0.4.0,0.4.1,0.5.0",stellar-access;stellar-tokens,AccessControlError;FungibleTokenError;NonFungibleTokenError;OwnableError;RoleTransferError,22.0.8,
769c28e4ae8e08cb3e90c8b82420429441f2b4eb19d9cdcffb1c05afdaead46c,4,"0.4.0,0.4.1,0.5.0",stellar-access,AccessControlError,22.0.8,
824c1fbe4ec5e3b79df8fc02f1d899ee6d97975f09c89ae4fea1421415f031d9,4,0.5.0,stellar-contract-utils;stellar-tokens,ClaimIssuerError;ClaimTopicsAndIssuersError;ClaimsError;ComplianceError;CryptoError;DocumentError;FungibleTokenError;IRSError;MerkleDistributorError;NonFungibleTokenError;PausableError;RWAError;SorobanFixedPointError;TokenBinderError;UpgradeableError;VaultTokenError,23.5.3,
825473d128ce20a794f155777caefd1b5126939492ac7e1527dde15068f45bef,4,"0.4.0,0.4.1,0.5.0",stellar-access;stellar-contract-utils;stellar-tokens,AccessControlError;CryptoError;FungibleTokenError;MerkleDistributorError;NonFungibleTokenError;OwnableError;PausableError;RoleTransferError;UpgradeableError,22.0.8,
83bf0a7fbe1502271f2e14d2a5a46c9cde1aa213be97616bd7c6b102b342692f,4,"0.4.0,0.4.1,0.5.0",stellar-access;stellar-contract-utils;stellar-tokens,AccessControlError;CryptoError;FungibleTokenError;MerkleDistributorError;NonFungibleTokenError;OwnableError;PausableError;RoleTransferError;UpgradeableError,22.0.8,
9c8830bdb1fe887a09cac82abcb0c9de70b55b8311c210b99f8962b56d3c6d78,4,"0.4.0,0.4.1,0.5.0",stellar-tokens,NonFungibleTokenError,22.0.8,
a0db88b6da6f83bf1c2c8fafcc8fa9cf9d2abc7f8507d831d086aa2c6ad5fc1b,4,"0.4.0,0.4.1,0.5.0,0.6.0",stellar-access;stellar-contract-utils;stellar-tokens,FungibleTokenError;OwnableError;UpgradeableError,22.0.8,
c3ff69d4f24985e4907ddd1c0bafbf9e639fb19faa27d897e45c23e7b8baed3b,4,0.5.0,stellar-accounts,SimpleThresholdError;SmartAccountError;SpendingLimitError;WebAuthnError;WeightedThresholdError,23.1.0,
cb2758e6a880d458985bf1fdef54de999d61dc09a9b236a1f1fba905a78bb583,4,"0.4.0,0.4.1,0.5.0",stellar-access;stellar-tokens,AccessControlError;FungibleTokenError;NonFungibleTokenError;OwnableError;RoleTransferError,22.0.11,
d2f32d45cf25458862bcac3ba6d34c61cb747303e706f42ff097594e1816d730,4,"0.4.0,0.4.1,0.5.0",stellar-access,AccessControlError;OwnableError;RoleTransferError,22.0.8,
d4645fdf3441e49a659bc0b8fd6fe6287ea8df5048630f2af3342c1769ae57b8,4,"0.4.0,0.4.1,0.5.0,0.6.0",stellar-access;stellar-contract-utils,OwnableError;UpgradeableError,22.0.7,Rain Card Collateral Beacon Contract
fb3b11042a126ff4b28846ebf439eb6877da62b9033f5cceab4e0f65a943575b,4,undetermined (0.4.0-0.7.2),,OwnableError;UpgradeableError,25.1.1,
137ed782d779a45ca824b47565e61608fcaa4fb8c66ec21f605b72f656280bc3,3,"0.4.0,0.4.1,0.5.0",stellar-access,AccessControlError;OwnableError;RoleTransferError,22.0.8,
25e310b6e60a61af53a6d2fdcdde42608ae73bdbda4ef4dd6e419e3fea02e22d,3,"0.4.0,0.4.1,0.5.0",stellar-access;stellar-contract-utils;stellar-tokens,AccessControlError;CryptoError;FungibleTokenError;MerkleDistributorError;NonFungibleTokenError;OwnableError;PausableError;RoleTransferError;UpgradeableError,22.0.8,
2916599bb56355538ad993dc5e739c5f177be994b52915fb2f506a9e3871c0ce,3,"0.4.0,0.4.1,0.5.0",stellar-tokens,NonFungibleTokenError,22.0.8,
29d91418f16b9c27177390540a0bd860c1de762958bb4c3eeae608ff045588e0,3,"stellar-access 0.6.0 (exact, from build path)",stellar-access;stellar-contract-utils;stellar-tokens,AccessControlError;ClaimIssuerError;ClaimTopicsAndIssuersError;ClaimsError;ComplianceError;CryptoError;DocumentError;FungibleTokenError;IRSError;MerkleDistributorError;NonFungibleTokenError;OwnableError;PausableError;RWAError;RoleTransferError;SorobanFixedPointError;TokenBinderError;UpgradeableError;VaultTokenError,23.5.3,
3fa9143a2994aec5a6ab7fae31abbee379e1246a88ca150e6a89cb5c5fdf5760,3,"0.4.0,0.4.1,0.5.0",stellar-access,AccessControlError;OwnableError;RoleTransferError,22.0.8,
3fb6c2ca091168a22951c19acc6e118db88d2953153b1770e01f26fa26b1023d,3,0.5.0,stellar-contract-utils;stellar-tokens,ClaimIssuerError;ClaimTopicsAndIssuersError;ClaimsError;ComplianceError;CryptoError;DocumentError;FungibleTokenError;IRSError;MerkleDistributorError;NonFungibleTokenError;PausableError;RWAError;TokenBinderError;UpgradeableError,25.0.2,
4098a4b7331bc965731333eb838649add4cf2fa786cf7d3c693dc4ad88111029,3,"0.4.0,0.4.1,0.5.0",stellar-access;stellar-contract-utils;stellar-tokens,AccessControlError;CryptoError;FungibleTokenError;MerkleDistributorError;NonFungibleTokenError;OwnableError;PausableError;RoleTransferError;UpgradeableError,22.0.8,
43eaef63b2e9e04f75e0883fd19f1f160774f520df637f68e5902ec780425a7d,3,undetermined (0.4.0-0.7.2),,OwnableError;UpgradeableError,25.1.1,
47fdce86e8fb24ac4cade3b7b20af6102a33dd880059ef133c5850bb503a162f,3,undetermined (0.4.0-0.7.2),,OwnableError;UpgradeableError,25.1.1,
4ac0c23958ed4fef91e4dcdb82028afb94b68a153816d40aa62ecb9e2730975a,3,0.5.0,stellar-access;stellar-contract-utils,AccessControlError;CryptoError;MerkleDistributorError;OwnableError;PausableError;RoleTransferError;SorobanFixedPointError;UpgradeableError,23.1.0,
4b3d9f6b09f7127b0ce81b0ce9d8428f3f960e4e3ce13c11c1cbb446cccc9e73,3,mixed/forked (no single release fits),stellar-contract-utils;stellar-governance;stellar-tokens,ClaimIssuerError;ClaimTopicsAndIssuersError;ClaimsError;ComplianceError;CryptoError;DocumentError;FungibleTokenError;IRSError;MerkleDistributorError;NonFungibleTokenError;PausableError;RWAError;SorobanFixedPointError;TimelockError;TokenBinderError;UpgradeableError;VaultTokenError;VotesError,25.1.1,
870de1c00c6617b1110f387e299a869ed6a8e8399c5c0a4c20bc3e4ff6816ae0,3,undetermined (0.4.0-0.7.2),,OwnableError;UpgradeableError,25.1.1,
8d7837d596cbe2f2bb2424e1dac877b77247ceb0acb45aba0034e1e407cd1875,3,0.5.0,stellar-contract-utils;stellar-tokens,ClaimIssuerError;ClaimTopicsAndIssuersError;ClaimsError;ComplianceError;CryptoError;DocumentError;FungibleTokenError;IRSError;MerkleDistributorError;NonFungibleTokenError;PausableError;RWAError;SorobanFixedPointError;TokenBinderError;UpgradeableError;VaultTokenError,23.1.0,
9aabb3fc3e8a3ff57d391cc6a24d3e2d53f46f14a4a15f50c6b4e71f544651b6,3,"0.4.0,0.4.1,0.5.0",stellar-tokens,NonFungibleTokenError,22.0.8,
a43a2a22b4661da94bc26407aab0524fd1bf1baa3a29614b534a249bc1cd715f,3,0.5.0,stellar-contract-utils;stellar-tokens,ClaimIssuerError;ClaimTopicsAndIssuersError;ClaimsError;ComplianceError;CryptoError;DocumentError;FungibleTokenError;IRSError;MerkleDistributorError;NonFungibleTokenError;PausableError;RWAError;TokenBinderError;UpgradeableError,25.0.2,
aa610eec52ba0d894a049baf647c01355218eafc240f179050fca241d4e40f19,3,0.5.0,stellar-accounts,SimpleThresholdError;SmartAccountError;SpendingLimitError;WebAuthnError;WeightedThresholdError,23.1.0,
ac76f6e6d3511a076e0e43e805c40942d648a6d29af4eb0f8d1c59f989546118,3,0.5.0,stellar-contract-utils;stellar-tokens,ClaimIssuerError;ClaimTopicsAndIssuersError;ClaimsError;ComplianceError;CryptoError;DocumentError;FungibleTokenError;IRSError;MerkleDistributorError;NonFungibleTokenError;PausableError;RWAError;TokenBinderError;UpgradeableError,25.0.2,
bfd300ecaf15d79febcaab57d612a0dfb6dcd1c7dddbe598beb11093088e6969,3,"0.4.0,0.4.1,0.5.0",stellar-tokens,NonFungibleTokenError,22.0.8,
d558e6a20af9b41e264beb1785de8b9ca412380eb2b142356e5e39a938fe96a5,3,undetermined (0.4.0-0.7.2),,OwnableError;UpgradeableError,25.1.1,
dae1757ca9c8350654c68b1be0dd959f00a111eecef928dd4a49751f99f03517,3,undetermined (0.4.0-0.7.2),,OwnableError;UpgradeableError,25.1.1,
df06cfa8174d5523bb8b067a6179af7d669bcb30fa2ce34d811b5b85788f6f00,3,0.5.0,stellar-contract-utils;stellar-tokens,ClaimIssuerError;ClaimTopicsAndIssuersError;ClaimsError;ComplianceError;CryptoError;DocumentError;FungibleTokenError;IRSError;MerkleDistributorError;NonFungibleTokenError;PausableError;RWAError;TokenBinderError;UpgradeableError,25.0.2,
edcd0154fd492ab53c01ae41b353d306a2b7996130a1bf3ee571a28007dfe507,3,0.5.0,stellar-contract-utils;stellar-tokens,ClaimIssuerError;ClaimTopicsAndIssuersError;ClaimsError;ComplianceError;CryptoError;DocumentError;FungibleTokenError;IRSError;MerkleDistributorError;NonFungibleTokenError;PausableError;RWAError;TokenBinderError;UpgradeableError,25.0.2,
f11078394fd06b3992b4274611a7c47809707bdce61254cffa6dd40fcaad364f,3,"0.4.0,0.4.1,0.5.0,0.6.0",stellar-access;stellar-contract-utils;stellar-tokens,FungibleTokenError;OwnableError;PausableError;UpgradeableError,22.0.8,
f66c2ce4bf7d37ab858642b259c1c5ab294becea4ee7fc8380b249cbf21671b3,3,"0.4.0,0.4.1,0.5.0",stellar-access,AccessControlError;OwnableError;RoleTransferError,22.0.8,
0566a42855fac1c21402ef84e0f32625a9e3186c0a29bbbfd64c35dd7bee8a4c,2,undetermined (0.4.0-0.7.2),stellar-contract-utils,PausableError,22.0.7,
0b76ae9bb4967b41d4cb9effad8babed8720b5233f9ec3384f6944a284caf074,2,"0.6.0,0.7.0,0.7.1,0.7.2",stellar-tokens,NonFungibleTokenError,26.1.0,
0eb3a9c49b66b4af26b0a95337a334b31d981a89258d0fbe0b8d7390a36fc2aa,2,undetermined (0.4.0-0.7.2),,OwnableError;UpgradeableError,25.1.1,
12fd219457b92f1de40da737aac2055d18ad9b2d97af4827b9b16ff1ad5ad725,2,"stellar-access 0.4.1 (exact, from build path)",stellar-access;stellar-contract-utils;stellar-tokens,AccessControlError;CryptoError;FungibleTokenError;MerkleDistributorError;NonFungibleTokenError;OwnableError;PausableError;RoleTransferError;UpgradeableError,22.0.8,
142a6bc9cd56dc2c0edc713132c82111a8b44bf15be5ff12a774cb016e143f55,2,"0.4.0,0.4.1,0.5.0",stellar-tokens,NonFungibleTokenError,22.0.8,
16f229fbdacc7f9266bc49613c8b3fa898714ff857c42c4211922d567bb1cbaa,2,"0.4.0,0.4.1,0.5.0,0.6.0",stellar-access;stellar-contract-utils;stellar-tokens,FungibleTokenError;OwnableError;PausableError;UpgradeableError,22.0.8,
172bba5089fb1dc27ffd25f8c025c8fbb1ceda47be773e51f032cd4d247915cf,2,0.6.0,stellar-contract-utils,CryptoError;MerkleDistributorError;PausableError;SorobanFixedPointError;UpgradeableError,23.5.2,
36fd0482f60c3b5e6b90e67cb64ffaf5aeb851007e2dbf05569a76e3c6a1abb2,2,0.5.0,stellar-access;stellar-contract-utils,AccessControlError;CryptoError;MerkleDistributorError;OwnableError;PausableError;RoleTransferError;SorobanFixedPointError;UpgradeableError,23.1.0,
4a4441814cc6beb69692b0d11fe7bf83761146d0ab98a6f06750c2f4c37a12cd,2,0.6.0,stellar-access;stellar-contract-utils,AccessControlError;CryptoError;MerkleDistributorError;OwnableError;PausableError;RoleTransferError;SorobanFixedPointError;UpgradeableError,23.5.1,
52c650a38b4b1688a20eccae73f6dabe1457a6fb024dc8e729455d53c320711e,2,"git 7b14668 (packages/tokens) (git commit, from build path)",stellar-contract-utils;stellar-tokens,ClaimIssuerError;ClaimTopicsAndIssuersError;ClaimsError;ComplianceError;CryptoError;DocumentError;FungibleTokenError;IRSError;MerkleDistributorError;NonFungibleTokenError;PausableError;RWAError;TokenBinderError;UpgradeableError,23.0.2,
54a4bec4258f7a5c5297f3968f2774310a08c6a7093835d332a6fb3e9a1c3f0d,2,"0.4.0,0.4.1,0.5.0",stellar-access;stellar-contract-utils;stellar-tokens,AccessControlError;CryptoError;FungibleTokenError;MerkleDistributorError;NonFungibleTokenError;OwnableError;PausableError;RoleTransferError;UpgradeableError,22.0.8,
573b185ed8851efb48590b55b6f2bd97bd64f1890f1b8bbf20a6cf32951f4066,2,"0.4.0,0.4.1,0.5.0",stellar-access,AccessControlError;OwnableError;RoleTransferError,22.0.8,
8b0bf09c784042c7ba0975e4e58f8037a78f0ffeccf9bcaf903476e9496f6bfb,2,undetermined (0.4.0-0.7.2),,OwnableError;UpgradeableError,25.1.1,
8b9159baf55d4e9b9768aeed5bf925eba43a221f20d52857abf1e35a38f03a7c,2,undetermined (0.4.0-0.7.2),,OwnableError;UpgradeableError,25.1.1,
8e89b10f6ce850028a6d390cbb229f0d0f20ef5a647daf3fc3c3f9b875a60deb,2,"0.4.0,0.4.1,0.5.0",stellar-access,AccessControlError,22.0.8,
90d65279b7c21648875949c4885bd5c588ca547e343027f130b3d0ee34640336,2,"0.4.0,0.4.1,0.5.0",stellar-access;stellar-contract-utils;stellar-tokens,AccessControlError;CryptoError;FungibleTokenError;MerkleDistributorError;NonFungibleTokenError;OwnableError;PausableError;RoleTransferError;UpgradeableError,22.0.8,
98eda5f67e4a35d965abb2b254dd5c861536407dd2caca535a4b77825ebb3bfb,2,0.5.0,stellar-contract-utils;stellar-tokens,ClaimIssuerError;ClaimTopicsAndIssuersError;ClaimsError;ComplianceError;CryptoError;DocumentError;FungibleTokenError;IRSError;MerkleDistributorError;NonFungibleTokenError;PausableError;RWAError;SorobanFixedPointError;TokenBinderError;UpgradeableError;VaultTokenError,23.1.0,
a6a73622254055b82945da25499ee4f7dac14ed7fb3d428f70a9f2e3b9640f70,2,0.5.0,stellar-access;stellar-contract-utils;stellar-tokens,AccessControlError;ClaimIssuerError;ClaimTopicsAndIssuersError;ClaimsError;ComplianceError;CryptoError;DocumentError;FungibleTokenError;IRSError;MerkleDistributorError;NonFungibleTokenError;OwnableError;PausableError;RWAError;RoleTransferError;SorobanFixedPointError;TokenBinderError;UpgradeableError;VaultTokenError,23.4.0,
aa6fe035d9db8ae486e363b0b02bed566a8b68f83cd8d00d513422a9970ec334,2,"0.4.0,0.4.1,0.5.0",stellar-access;stellar-contract-utils;stellar-tokens,AccessControlError;CryptoError;FungibleTokenError;MerkleDistributorError;NonFungibleTokenError;OwnableError;PausableError;RoleTransferError;UpgradeableError,22.0.8,
aba81900bc82d24a6f5b66a6fee775bc51543f91dc89e824bd96ffcf3879dba1,2,0.5.0,stellar-access;stellar-contract-utils,AccessControlError;CryptoError;MerkleDistributorError;OwnableError;PausableError;RoleTransferError;SorobanFixedPointError;UpgradeableError,23.5.3,
af47b815157bb0c8f6709109a76e09aef50f00af953d55ea8ed91df81f670a85,2,"0.4.0,0.4.1,0.5.0",stellar-tokens,NonFungibleTokenError,22.0.8,
bfa08cbf2ad5e86a94ad7661cadf276ad9afaa74bd5206217c82c1cea0c5aa39,2,"stellar-access 0.5.0 (exact, from build path)",stellar-access;stellar-contract-utils;stellar-tokens,AccessControlError;ClaimIssuerError;ClaimTopicsAndIssuersError;ClaimsError;ComplianceError;CryptoError;DocumentError;FungibleTokenError;IRSError;MerkleDistributorError;NonFungibleTokenError;OwnableError;PausableError;RWAError;RoleTransferError;SorobanFixedPointError;TokenBinderError;UpgradeableError;VaultTokenError,23.4.0,
c4bfa50c32e5b02629a2312312bbb7a7ba54b56a322764cf65eb4c7a4a14012c,2,0.6.0,stellar-contract-utils,CryptoError;MerkleDistributorError;PausableError;SorobanFixedPointError;UpgradeableError,23.4.1,
c54f36e053555c87675a8d71b95d0734bd58543fbe9418aae9973d712c0df0e9,2,undetermined (0.4.0-0.7.2),,OwnableError;UpgradeableError,25.1.1,
c73490d0812a7e73f028be28bc76a2884246efe304f1edd1a309b25b1c73ae6e,2,0.5.0,stellar-contract-utils;stellar-tokens,ClaimIssuerError;ClaimTopicsAndIssuersError;ClaimsError;ComplianceError;CryptoError;DocumentError;FungibleTokenError;IRSError;MerkleDistributorError;NonFungibleTokenError;PausableError;RWAError;SorobanFixedPointError;TokenBinderError;UpgradeableError;VaultTokenError,23.1.1,
d71983c8799ac1663a30b8d3f13fc38635cd7c18c217570f4eb50d3b4f79aa57,2,0.6.0,stellar-access,AccessControlError;OwnableError;RoleTransferError,23.4.1,
e19dd194580f528b5922c279ab230fbedf5193de8b102288e139c74941447ef1,2,undetermined (0.4.0-0.7.2),,OwnableError;UpgradeableError,25.1.1,
ea5d97cca1a7edac2ae8cf707346faba9897debc1b66fbef1fc53e7828013aab,2,"0.4.0,0.4.1,0.5.0,0.6.0",stellar-access;stellar-contract-utils,OwnableError;UpgradeableError,22.0.8,
f1c549e2491e0f8d9cc7683f6056da2edd8a8c3d6786723ab1c86dae74a96b0e,2,"git 3f81125 (packages/accounts) (git commit, from build path)",stellar-accounts;stellar-contract-utils,CryptoError;MerkleDistributorError;PausableError;SimpleThresholdError;SmartAccountError;SorobanFixedPointError;SpendingLimitError;WebAuthnError;WeightedThresholdError,25.3.1,
f76ea12b65ed6525cb243ff8a0973d0867bd6b5f89fb54a9c28a0ed963ebc88d,2,undetermined (0.4.0-0.7.2),,OwnableError;UpgradeableError,25.1.1,
fa050ebf125ed92957ab9b45f9ac18f8c373792a52c8a789ec2a77f075024028,2,0.5.0,stellar-access;stellar-contract-utils,AccessControlError;CryptoError;MerkleDistributorError;OwnableError;PausableError;RoleTransferError;SorobanFixedPointError;UpgradeableError,23.1.0,
fd5f159f3d32c57d73a3fcdc842f296b3e671f2516294387b5985b99c3b7881a,2,"stellar-access 0.4.1 (exact, from build path)",stellar-access;stellar-contract-utils;stellar-tokens,AccessControlError;CryptoError;FungibleTokenError;MerkleDistributorError;OwnableError;PausableError;RoleTransferError;UpgradeableError,22.0.8,
fde238eb32c2854e85f9cb510055b6032b138c85a6d94f573ad25bf67e9aa7e4,2,0.5.0,stellar-access;stellar-contract-utils;stellar-tokens,AccessControlError;ClaimIssuerError;ClaimTopicsAndIssuersError;ClaimsError;ComplianceError;CryptoError;DocumentError;FungibleTokenError;IRSError;MerkleDistributorError;NonFungibleTokenError;OwnableError;PausableError;RWAError;RoleTransferError;SorobanFixedPointError;TokenBinderError;UpgradeableError;VaultTokenError,23.1.0,
00b1b70550f887bd87835270ddee76307ced7a00aa6ad354ed744bc0544a03ac,1,0.5.0,stellar-access;stellar-contract-utils,AccessControlError;CryptoError;MerkleDistributorError;OwnableError;PausableError;RoleTransferError;SorobanFixedPointError;UpgradeableError,23.5.3,
00b33d5f9f8a0aec1aecbefb73c724a22800f5d8577f693b26ad7a00329d6f20,1,0.5.0,stellar-contract-utils;stellar-tokens,ClaimIssuerError;ClaimTopicsAndIssuersError;ClaimsError;ComplianceError;CryptoError;DocumentError;FungibleTokenError;IRSError;MerkleDistributorError;NonFungibleTokenError;PausableError;RWAError;SorobanFixedPointError;TokenBinderError;UpgradeableError;VaultTokenError,23.1.1,
0151f6f0e8e711d09cb5ae35e980322a837fb418cdd034bff0713634105e05c8,1,0.5.0,stellar-access;stellar-contract-utils;stellar-tokens,AccessControlError;ClaimIssuerError;ClaimTopicsAndIssuersError;ClaimsError;ComplianceError;CryptoError;DocumentError;FungibleTokenError;IRSError;MerkleDistributorError;NonFungibleTokenError;OwnableError;PausableError;RWAError;RoleTransferError;SorobanFixedPointError;TokenBinderError;UpgradeableError;VaultTokenError,23.1.0,
0165acc6315a20ba55948b57a2df7b7cd594453866ad674d751976521634d32b,1,undetermined (0.4.0-0.7.2),stellar-accounts,SimpleThresholdError;SmartAccountError;SpendingLimitError;WebAuthnError;WeightedThresholdError,25.3.0,
0191f55837f76fa8d2c1d5374000c80cd0b33dfaddafcf27b50c7c8b1547328a,1,"0.4.0,0.4.1,0.5.0",stellar-access;stellar-tokens,AccessControlError;FungibleTokenError;NonFungibleTokenError;OwnableError;RoleTransferError,22.0.8,
01aa22418312a9c5137150961bdf2a43eadaafe5adf935eaedab622555df324f,1,"0.4.0,0.4.1,0.5.0",stellar-tokens,NonFungibleTokenError,22.0.8,
0405b19fad70b482c88a4bb8ae75b2527c68e926f7797128bfa203d20bb94432,1,"0.4.0,0.4.1,0.5.0",stellar-access;stellar-contract-utils;stellar-tokens,AccessControlError;CryptoError;FungibleTokenError;MerkleDistributorError;NonFungibleTokenError;OwnableError;PausableError;RoleTransferError;UpgradeableError,22.0.8,
0a8ee862d5fa45a3dca9c2dc8ba111b83e9ab333a78d89273ae0a111211445d1,1,undetermined (0.4.0-0.7.2),,OwnableError;UpgradeableError,25.1.1,
0b913ee4752e49d33714e7b90c206a328702a32c8849a7c6c2cd0ac8e70d65f7,1,0.5.0,stellar-access;stellar-contract-utils;stellar-tokens,AccessControlError;ClaimIssuerError;ClaimTopicsAndIssuersError;ClaimsError;ComplianceError;CryptoError;DocumentError;FungibleTokenError;IRSError;MerkleDistributorError;NonFungibleTokenError;OwnableError;PausableError;RWAError;RoleTransferError;SorobanFixedPointError;TokenBinderError;UpgradeableError;VaultTokenError,23.4.0,
0ba7ff671737db8fd43219ac3957ca54f3e343bc346dc709964a0978802300ff,1,0.6.0,stellar-access,AccessControlError;OwnableError;RoleTransferError,23.5.3,
0bc09721311516e6b7e43421a5e25ad45a438d1438d1d4aa423ea7202a5bea63,1,0.5.0,stellar-access;stellar-contract-utils;stellar-tokens,AccessControlError;ClaimIssuerError;ClaimTopicsAndIssuersError;ClaimsError;ComplianceError;CryptoError;DocumentError;FungibleTokenError;IRSError;MerkleDistributorError;NonFungibleTokenError;OwnableError;PausableError;RWAError;RoleTransferError;SorobanFixedPointError;TokenBinderError;UpgradeableError;VaultTokenError,23.4.0,
0c6dbd0a4a658747414d289f861e1f1fea0e4d482eb36959165511f94c7e778f,1,undetermined (0.4.0-0.7.2),,,25.3.1,
0f3336cb82c088d8430af0b9110c309baa6c2eade24e65d35b16650d197d1592,1,undetermined (0.4.0-0.7.2),,OwnableError;UpgradeableError,25.1.1,
1757d66322ae87f1f72679a8ba7229b8eb4284d075b05b08f8bd423e496b92c4,1,0.5.0,stellar-contract-utils,CryptoError;MerkleDistributorError;PausableError;SorobanFixedPointError;UpgradeableError,23.4.0,
1939cb97a2d5e0c55964e7b88bc76e20caadf7217b3ad2826d4d4b82bd41a00f,1,0.6.0,stellar-contract-utils,CryptoError;MerkleDistributorError;PausableError;SorobanFixedPointError;UpgradeableError,23.4.1,
198e66fa8d07c24456055c7286a9a43d7a0203812f9c3e837518ac593679bdae,1,"0.4.0,0.4.1,0.5.0",stellar-access,AccessControlError,22.0.8,
19fcba31e1f40fbdf84254b24812ea314069ccb9788347d5ab5e03fc105a0134,1,"0.4.0,0.4.1,0.5.0",stellar-access;stellar-tokens,AccessControlError;FungibleTokenError;NonFungibleTokenError;OwnableError;RoleTransferError,22.0.8,
1c0928af078a4a9beff5e04647240b9fecca7a805b751c803f96ff92f75b9a08,1,undetermined (0.4.0-0.7.2),,OwnableError;UpgradeableError,25.1.1,
1c093a5f27927d00b1c9c6606e10adc17062d8d61c8b8d82a006c1721d1dad9e,1,0.6.0,stellar-access;stellar-contract-utils;stellar-tokens,AccessControlError;ClaimIssuerError;ClaimTopicsAndIssuersError;ClaimsError;ComplianceError;CryptoError;DocumentError;FungibleTokenError;IRSError;MerkleDistributorError;NonFungibleTokenError;OwnableError;PausableError;RWAError;RoleTransferError;SorobanFixedPointError;TokenBinderError;UpgradeableError;VaultTokenError,23.5.2,
1d9057993dce4c885d84478c9fe58c727830897204f4d44bd51797cf226e94e9,1,"0.4.0,0.4.1,0.5.0",stellar-access;stellar-contract-utils,AccessControlError;CryptoError;MerkleDistributorError;OwnableError;PausableError;RoleTransferError;UpgradeableError,22.0.8,
1f00dce865cbb94e935773a81a8490030b57f03b0411eab2f2721b307d907038,1,undetermined (0.4.0-0.7.2),,,25.3.1,
2093072112c02305521c7410edbb8f0c46455b0c34b736341bb34f9a75bc1e7c,1,0.6.0,stellar-access,AccessControlError;OwnableError;RoleTransferError,23.5.3,
2229dfab54855c6722fba1b731e42a4e4d16dfc00f18500b0d3bd2e55440c21b,1,0.6.0,stellar-access;stellar-contract-utils;stellar-tokens,AccessControlError;ClaimIssuerError;ClaimTopicsAndIssuersError;ClaimsError;ComplianceError;CryptoError;DocumentError;FungibleTokenError;IRSError;MerkleDistributorError;NonFungibleTokenError;OwnableError;PausableError;RWAError;RoleTransferError;SorobanFixedPointError;TokenBinderError;UpgradeableError;VaultTokenError,23.5.1,
222ac2d82f6b9fb26cdabb73a2fae473ea47954a9d191d17ed7fdd0af588aef1,1,0.6.0,stellar-access,AccessControlError;OwnableError;RoleTransferError,23.4.1,
23715363ff5f399eab3c57b671270d193b6452616aafef32df8d44caeeca2509,1,0.6.0,stellar-access;stellar-contract-utils;stellar-tokens,AccessControlError;ClaimIssuerError;ClaimTopicsAndIssuersError;ClaimsError;ComplianceError;CryptoError;DocumentError;FungibleTokenError;IRSError;MerkleDistributorError;NonFungibleTokenError;OwnableError;PausableError;RWAError;RoleTransferError;SorobanFixedPointError;TokenBinderError;UpgradeableError;VaultTokenError,23.5.1,
24640750cd5ee593c1dcf32833b8f46d32bdba01b29ec2dd9d3e5098b870b60a,1,0.6.0,stellar-access;stellar-contract-utils;stellar-tokens,AccessControlError;ClaimIssuerError;ClaimTopicsAndIssuersError;ClaimsError;ComplianceError;CryptoError;DocumentError;FungibleTokenError;IRSError;MerkleDistributorError;NonFungibleTokenError;OwnableError;PausableError;RWAError;RoleTransferError;SorobanFixedPointError;TokenBinderError;UpgradeableError;VaultTokenError,23.5.1,
28e7d30d5b353d5ca1cd66ad1d2b6384b46744ac91cfd48af3f7ec496704e2cc,1,0.6.0,stellar-contract-utils,CryptoError;MerkleDistributorError;PausableError;SorobanFixedPointError;UpgradeableError,23.4.1,
293572d45789b097e5ae217194aaa640c4ba21e9b75e93145c2a7c362c9b0094,1,0.5.0,stellar-access;stellar-contract-utils,AccessControlError;CryptoError;MerkleDistributorError;OwnableError;PausableError;RoleTransferError;SorobanFixedPointError;UpgradeableError,23.1.0,
2a4b9e2a5b325b5f7dc440b28df35c360795e85e034a02b758f3259f9fedfc61,1,0.6.0,stellar-access;stellar-contract-utils;stellar-tokens,AccessControlError;ClaimIssuerError;ClaimTopicsAndIssuersError;ClaimsError;ComplianceError;CryptoError;DocumentError;FungibleTokenError;IRSError;MerkleDistributorError;NonFungibleTokenError;OwnableError;PausableError;RWAError;RoleTransferError;SorobanFixedPointError;TokenBinderError;UpgradeableError;VaultTokenError,23.5.1,
2ae525f01dc69d900c3faac9276c6a8514e916325a39fdf27228b43341aa114a,1,"0.4.0,0.4.1,0.5.0",stellar-access,AccessControlError;OwnableError;RoleTransferError,22.0.8,
2bd0eeb781b2f570671aa980a1cd72b8b584f7420cade4706d3088a7f3e4a1fb,1,"0.4.0,0.4.1,0.5.0",stellar-access;stellar-tokens,AccessControlError;FungibleTokenError;NonFungibleTokenError;OwnableError;RoleTransferError,22.0.8,
2c176e0cce409c3e08e84b8d6e6890f3ba5036fa84a95a77be69238e14f0d604,1,"0.4.0,0.4.1,0.5.0",stellar-access;stellar-contract-utils;stellar-tokens,AccessControlError;FungibleTokenError;PausableError;UpgradeableError,22.0.8,
2ca338e04b72469e956a116a5d271b3de4f900bcb8228039473f7302bae3aa76,1,"0.4.0,0.4.1,0.5.0",stellar-access;stellar-contract-utils;stellar-tokens,AccessControlError;CryptoError;FungibleTokenError;MerkleDistributorError;NonFungibleTokenError;OwnableError;PausableError;RoleTransferError;UpgradeableError,22.0.8,
30d1c4c48d1e11dc277a1cfecc040fb39d4dd426124296e48a2b630bacac9384,1,undetermined (0.4.0-0.7.2),,OwnableError;UpgradeableError,25.3.0,
3194f6415c1596e2bad58bbb9daa011003624738cbc58c878468d0ec856d45a7,1,0.5.0,stellar-contract-utils;stellar-tokens,ClaimIssuerError;ClaimTopicsAndIssuersError;ClaimsError;ComplianceError;CryptoError;DocumentError;FungibleTokenError;IRSError;MerkleDistributorError;NonFungibleTokenError;PausableError;RWAError;SorobanFixedPointError;TokenBinderError;UpgradeableError;VaultTokenError,23.1.0,
32507ca48ace092bb9522c88473f47f87ee840870f6892e579200f478b07b975,1,0.6.0,stellar-access;stellar-contract-utils;stellar-tokens,AccessControlError;ClaimIssuerError;ClaimTopicsAndIssuersError;ClaimsError;ComplianceError;CryptoError;DocumentError;FungibleTokenError;IRSError;MerkleDistributorError;NonFungibleTokenError;OwnableError;PausableError;RWAError;RoleTransferError;SorobanFixedPointError;TokenBinderError;UpgradeableError;VaultTokenError,23.5.1,
335ab6c7d37f37af999c27ecb21b6a0fced02c013e6e9c499f199803afa501c0,1,0.5.0,stellar-access;stellar-contract-utils,AccessControlError;CryptoError;MerkleDistributorError;OwnableError;PausableError;RoleTransferError;SorobanFixedPointError;UpgradeableError,23.1.0,
3501ce63f60937015868c1be897b9185f1aa6f31161685e522a9054516b18c9b,1,0.6.0,stellar-contract-utils,CryptoError;MerkleDistributorError;PausableError;SorobanFixedPointError;UpgradeableError,23.4.1,
37e982560066d77568f636e192cfef93135b7eaeada42863c229835936913eed,1,0.6.0,stellar-access,AccessControlError;OwnableError;RoleTransferError,23.4.1,
38fac0e030b13ec2c5f9378e5a37162f39ad95d175644be07b8b31c564528583,1,"0.4.0,0.4.1,0.5.0",stellar-access;stellar-contract-utils,AccessControlError;CryptoError;MerkleDistributorError;OwnableError;PausableError;RoleTransferError;UpgradeableError,22.0.11,
39c1e2dd39980dcb1171c40e347b8a3092307a39368cb49c908c1ab06cd23406,1,0.6.0,stellar-access;stellar-contract-utils;stellar-tokens,AccessControlError;ClaimIssuerError;ClaimTopicsAndIssuersError;ClaimsError;ComplianceError;CryptoError;DocumentError;FungibleTokenError;IRSError;MerkleDistributorError;NonFungibleTokenError;OwnableError;PausableError;RWAError;RoleTransferError;SorobanFixedPointError;TokenBinderError;UpgradeableError;VaultTokenError,23.5.1,
3ab60a613d8d982748c9a3aa8cbfebd5b231938b648eba94b8573dbb38020b2d,1,0.6.0,stellar-accounts,SimpleThresholdError;SmartAccountError;SpendingLimitError;WebAuthnError;WeightedThresholdError,23.4.0,
3b0f6a9fd464ca2ea0493f3272faa47125c66f6a0574304735411871d40e9199,1,0.5.0,stellar-accounts,SimpleThresholdError;SmartAccountError;SpendingLimitError;WebAuthnError;WeightedThresholdError,23.2.1,
3b13dc688381c17aef9c2dcff38a4ff7afd9372518dd1c6494308941d880b62a,1,"0.4.0,0.4.1,0.5.0",stellar-access;stellar-contract-utils;stellar-tokens,AccessControlError;CryptoError;FungibleTokenError;MerkleDistributorError;NonFungibleTokenError;OwnableError;PausableError;RoleTransferError;UpgradeableError,22.0.8,
3bd05dfa2bf65299d359e86a4672a45900e8c5768d9f056ad8da5ccd779bcd12,1,mixed/forked (no single release fits),stellar-contract-utils;stellar-governance;stellar-tokens,ClaimIssuerError;ClaimTopicsAndIssuersError;ClaimsError;ComplianceError;CryptoError;DocumentError;FungibleTokenError;IRSError;MerkleDistributorError;NonFungibleTokenError;PausableError;RWAError;SorobanFixedPointError;TimelockError;TokenBinderError;UpgradeableError;VaultTokenError;VotesError,25.1.1,
3c2f68775af6c3c38032e67aae2946562e93ac0701437bdd3867d028f264078a,1,"0.4.0,0.4.1,0.5.0,0.6.0",stellar-access;stellar-contract-utils,OwnableError;UpgradeableError,22.0.8,
3c531bc7dc6db9f421104a002d0314771c29f67f178e34407617318fd1cdde77,1,0.6.0,stellar-access;stellar-contract-utils;stellar-tokens,AccessControlError;ClaimIssuerError;ClaimTopicsAndIssuersError;ClaimsError;ComplianceError;CryptoError;DocumentError;FungibleTokenError;IRSError;MerkleDistributorError;NonFungibleTokenError;OwnableError;PausableError;RWAError;RoleTransferError;SorobanFixedPointError;TokenBinderError;UpgradeableError;VaultTokenError,23.5.2,
3d5315c4f0d3df139b10353a6904f951d877e5be9cd3594d06e96ee569ae6cf1,1,0.5.0,stellar-accounts,SimpleThresholdError;SmartAccountError;SpendingLimitError;WebAuthnError;WeightedThresholdError,23.2.1,
3eb9643f927f5992d68acdf0253d96e0ab56014e5a8200f97e68d271bd7193a2,1,0.6.0,stellar-access,AccessControlError;OwnableError;RoleTransferError,23.4.1,
40740fff41c64737aa80a6b81341bc1ab1201624bf60f8ee801c93089ee42444,1,"0.4.0,0.4.1,0.5.0,0.6.0",stellar-access;stellar-contract-utils;stellar-tokens,FungibleTokenError;OwnableError;PausableError;UpgradeableError,22.0.8,
42478c7d30d929252171b277cd8dd9d2e91c3593546acae070eb615546d506ea,1,0.5.0,stellar-access;stellar-contract-utils;stellar-tokens,AccessControlError;ClaimIssuerError;ClaimTopicsAndIssuersError;ClaimsError;ComplianceError;CryptoError;DocumentError;FungibleTokenError;IRSError;MerkleDistributorError;NonFungibleTokenError;OwnableError;PausableError;RWAError;RoleTransferError;SorobanFixedPointError;TokenBinderError;UpgradeableError;VaultTokenError,23.1.0,
433ab3c147acb637a798b0e2fc1b5e8df6bce4bebf41c9bb525686c1010aa1a7,1,0.6.0,stellar-access,AccessControlError;OwnableError;RoleTransferError,25.1.0,
443a6c94e6b90901b66b7059c5b1609fe2a658c1c60fa91f7198bce73e7e2e09,1,0.6.0,stellar-contract-utils,CryptoError;MerkleDistributorError;PausableError;SorobanFixedPointError;UpgradeableError,23.4.1,
45d1d70275fd46fd3159559f17ddf8aca5ffa02841769fc9c67688926f58d23f,1,0.5.0,stellar-contract-utils;stellar-tokens,ClaimIssuerError;ClaimTopicsAndIssuersError;ClaimsError;ComplianceError;CryptoError;DocumentError;FungibleTokenError;IRSError;MerkleDistributorError;NonFungibleTokenError;PausableError;RWAError;SorobanFixedPointError;TokenBinderError;UpgradeableError;VaultTokenError,23.1.0,
48705b6cc769672cb7690fde75ab8b68a73525cba2c0ec4366d159dda2cdec16,1,0.6.0,stellar-access,AccessControlError;OwnableError;RoleTransferError,23.4.1,
49e1153e35206d1b1ec54ef3f68818716a8fa80cb470596396ba50803e601681,1,0.6.0,stellar-access;stellar-governance,AccessControlError;OwnableError;RoleTransferError;TimelockError,25.1.0,
49efb3f7378715b03db3bd5c74a7f0ff7d741dab6f5894a4105f346c821b5464,1,0.5.0,stellar-accounts,SimpleThresholdError;SmartAccountError;SpendingLimitError;WebAuthnError;WeightedThresholdError,23.4.0,
4aa7d889845894e482539cf834a8dcc0c84534762b0f66eb99a15358f67f0912,1,0.6.0,stellar-access;stellar-contract-utils,AccessControlError;CryptoError;MerkleDistributorError;OwnableError;PausableError;RoleTransferError;SorobanFixedPointError;UpgradeableError,23.5.1,
4b3bc20a6416e57851e57f2145219c6cbf5f03b01a2800bdeb378413e16dcd83,1,0.6.0,stellar-access;stellar-contract-utils;stellar-tokens,AccessControlError;ClaimIssuerError;ClaimTopicsAndIssuersError;ClaimsError;ComplianceError;CryptoError;DocumentError;FungibleTokenError;IRSError;MerkleDistributorError;NonFungibleTokenError;OwnableError;PausableError;RWAError;RoleTransferError;SorobanFixedPointError;TokenBinderError;UpgradeableError;VaultTokenError,23.5.1,
4d2fe0da6d50c0f6fd85bebacbd44a1dcca43aad1721cb7826cf5407581d21d7,1,0.5.0,stellar-contract-utils;stellar-tokens,ClaimIssuerError;ClaimTopicsAndIssuersError;ClaimsError;ComplianceError;CryptoError;DocumentError;FungibleTokenError;IRSError;MerkleDistributorError;NonFungibleTokenError;PausableError;RWAError;SorobanFixedPointError;TokenBinderError;UpgradeableError;VaultTokenError,23.1.0,
4e078251341d0ace55ce437f898015e6470d50806fd3f1119793583f8e5ae328,1,"0.7.0,0.7.1,0.7.2",stellar-access;stellar-contract-utils;stellar-governance;stellar-tokens,AccessControlError;ClaimIssuerError;ClaimTopicsAndIssuersError;ClaimsError;ComplianceError;CryptoError;DocumentError;FungibleTokenError;GovernorError;IRSError;MerkleDistributorError;NonFungibleTokenError;OwnableError;PausableError;RWAError;RoleTransferError;SorobanFixedPointError;TimelockError;TokenBinderError;VaultTokenError;VotesError,25.3.0,
528a6d222cacc7e453545e63e3c01edf7e79bac163c25c5888b422f26d10350b,1,"0.4.0,0.4.1,0.5.0",stellar-tokens,NonFungibleTokenError,22.0.8,
53aedce077a1336d68972edcde6964272fcc95b74bcc0f95f259b50bf8caaeaa,1,"0.4.0,0.4.1,0.5.0,0.6.0",stellar-access;stellar-contract-utils,OwnableError;UpgradeableError,22.0.8,
56a18edc93a66415762af20ae4553a480764f33ec0ae6a9dafabdd89d4799969,1,0.6.0,stellar-access;stellar-contract-utils,AccessControlError;CryptoError;MerkleDistributorError;OwnableError;PausableError;RoleTransferError;SorobanFixedPointError;UpgradeableError,25.1.0,
56d4e5fe322f95decc4c6caf7e64540eed7adf04111e95650ec0d4ff66a141f3,1,"0.7.0,0.7.1,0.7.2",stellar-access;stellar-accounts,AccessControlError;OwnableError;RoleTransferError;SimpleThresholdError;SmartAccountError;SpendingLimitError;WebAuthnError;WeightedThresholdError,25.3.0,
5784b78d159ac1ac739e00819ee9109b23707b4b22ae072e76f0cc25af8bd5eb,1,"0.4.0,0.4.1,0.5.0",stellar-access;stellar-contract-utils,AccessControlError;CryptoError;MerkleDistributorError;OwnableError;PausableError;RoleTransferError;UpgradeableError,22.0.11,
5991ae59e65b0d1e3a222939cabf197d80c41ee09a5e62fe4f7ed1526623a864,1,0.5.0,stellar-accounts,SimpleThresholdError;SmartAccountError;SpendingLimitError;WebAuthnError;WeightedThresholdError,23.2.1,
59f2770418c366ea3099b5b9ad5d6366f2ccf5213ce866508a280b38e4d9cefd,1,0.6.0,stellar-accounts,SimpleThresholdError;SmartAccountError;SpendingLimitError;WebAuthnError;WeightedThresholdError,25.0.2,
5a77e7728cf9b3bbed4e913be4a88eaee8d8e19088e9b5a7cfe15ed5a63ff1fb,1,"stellar-access 0.4.1 (exact, from build path)",stellar-access,AccessControlError;OwnableError;RoleTransferError,22.0.8,
5af47dcbc8ffecad7efe9fec0b29f0421b659a6b7cf9ad2126e5be8b94762df9,1,0.6.0,stellar-contract-utils,CryptoError;MerkleDistributorError;PausableError;SorobanFixedPointError;UpgradeableError,23.5.2,
5afd1577414b3183f73b1bff0b53611ab7ba71fc3948c874e588d56496a1677d,1,"stellar-access 0.4.1 (exact, from build path)",stellar-access;stellar-contract-utils;stellar-tokens,AccessControlError;CryptoError;FungibleTokenError;MerkleDistributorError;NonFungibleTokenError;OwnableError;PausableError;RoleTransferError;UpgradeableError,22.0.8,
5c2ebcb5a94ccd94a599bef03fde30e496c3b3ef24b2633f643bce8c8157562f,1,0.5.0,stellar-access;stellar-contract-utils;stellar-tokens,AccessControlError;ClaimIssuerError;ClaimTopicsAndIssuersError;ClaimsError;ComplianceError;CryptoError;DocumentError;FungibleTokenError;IRSError;MerkleDistributorError;NonFungibleTokenError;OwnableError;PausableError;RWAError;RoleTransferError;SorobanFixedPointError;TokenBinderError;UpgradeableError;VaultTokenError,23.4.0,
5e0a411e923055be7315780b2edecdd86c7ba65e938d35ac72f60b206b87da93,1,"0.7.0,0.7.1,0.7.2",stellar-accounts,SimpleThresholdError;SmartAccountError;SpendingLimitError;WebAuthnError;WeightedThresholdError,25.3.1,
61bbc68d7bbe96e8da09af2a6a21ec5ff078cfbda8ef1bb08cf4198cd6e94b48,1,"0.4.0,0.4.1,0.5.0,0.6.0",stellar-access;stellar-contract-utils,OwnableError;UpgradeableError,22.0.8,
62e8089edc7842fffb1bf6394a40b25238f721ea1d4d113311984047acbd4ab1,1,0.5.0,stellar-contract-utils;stellar-tokens,ClaimIssuerError;ClaimTopicsAndIssuersError;ClaimsError;ComplianceError;CryptoError;DocumentError;FungibleTokenError;IRSError;MerkleDistributorError;NonFungibleTokenError;PausableError;RWAError;SorobanFixedPointError;TokenBinderError;UpgradeableError;VaultTokenError,23.1.1,
630b0e919ab7fc1e103ba51664034bee109cef85a2e6afced6839c9a3ab45c26,1,0.5.0,stellar-accounts;stellar-contract-utils,CryptoError;MerkleDistributorError;PausableError;SimpleThresholdError;SmartAccountError;SorobanFixedPointError;SpendingLimitError;UpgradeableError;WebAuthnError;WeightedThresholdError,23.5.2,
6365e9fc6983253bd858a36e8e2f8cb6d527ab1ec7a7a85ea6d206cc8f38d7e0,1,"stellar-access 0.6.0 (exact, from build path)",stellar-access;stellar-contract-utils;stellar-tokens,AccessControlError;ClaimIssuerError;ClaimTopicsAndIssuersError;ClaimsError;ComplianceError;CryptoError;DocumentError;FungibleTokenError;IRSError;MerkleDistributorError;NonFungibleTokenError;OwnableError;PausableError;RWAError;RoleTransferError;SorobanFixedPointError;TokenBinderError;UpgradeableError;VaultTokenError,23.4.0,
63d0345d3f5ed8666bdd5d73b8d9541d1e92e4db9837bd589095063e3730b571,1,0.6.0,stellar-access;stellar-contract-utils;stellar-tokens,AccessControlError;ClaimIssuerError;ClaimTopicsAndIssuersError;ClaimsError;ComplianceError;CryptoError;DocumentError;FungibleTokenError;IRSError;MerkleDistributorError;NonFungibleTokenError;OwnableError;PausableError;RWAError;RoleTransferError;SorobanFixedPointError;TokenBinderError;UpgradeableError;VaultTokenError,23.5.1,
6428017d9aef271fba623b0c1aa83f555a23b1c35a46248f40b93be65fc5193d,1,0.6.0,stellar-access;stellar-contract-utils;stellar-tokens,AccessControlError;ClaimIssuerError;ClaimTopicsAndIssuersError;ClaimsError;ComplianceError;CryptoError;DocumentError;FungibleTokenError;IRSError;MerkleDistributorError;NonFungibleTokenError;OwnableError;PausableError;RWAError;RoleTransferError;SorobanFixedPointError;TokenBinderError;UpgradeableError;VaultTokenError,23.4.0,
680b9ccf2416bfd941962bc751921cc6c2a9abfdb520f68b2df950a1bbd41258,1,0.6.0,stellar-access;stellar-contract-utils;stellar-tokens,AccessControlError;ClaimIssuerError;ClaimTopicsAndIssuersError;ClaimsError;ComplianceError;CryptoError;DocumentError;FungibleTokenError;IRSError;MerkleDistributorError;NonFungibleTokenError;OwnableError;PausableError;RWAError;RoleTransferError;SorobanFixedPointError;TokenBinderError;UpgradeableError;VaultTokenError,23.5.2,
69909a7c5ad44ebad7206c2c081b8ddc13dd637f2f15039b9cfa2f1411a2f869,1,"stellar-access 0.5.0 (exact, from build path)",stellar-access;stellar-contract-utils;stellar-tokens,AccessControlError;ClaimIssuerError;ClaimTopicsAndIssuersError;ClaimsError;ComplianceError;CryptoError;DocumentError;FungibleTokenError;IRSError;MerkleDistributorError;NonFungibleTokenError;OwnableError;PausableError;RWAError;RoleTransferError;SorobanFixedPointError;TokenBinderError;UpgradeableError;VaultTokenError,23.4.0,
6add8b6ae6d23f23de1b40a6ca52d7dd572f2b2ddee46e029ed8713c528389d3,1,0.5.0,stellar-access;stellar-contract-utils;stellar-tokens,AccessControlError;ClaimIssuerError;ClaimTopicsAndIssuersError;ClaimsError;ComplianceError;CryptoError;DocumentError;FungibleTokenError;IRSError;MerkleDistributorError;NonFungibleTokenError;OwnableError;PausableError;RWAError;RoleTransferError;SorobanFixedPointError;TokenBinderError;UpgradeableError;VaultTokenError,23.1.0,
6bb5e9008b05099dc34415bf031823f42c09c0b0c9c87c5b886e8f64aab6e221,1,0.5.0,stellar-access;stellar-contract-utils,AccessControlError;CryptoError;MerkleDistributorError;OwnableError;PausableError;RoleTransferError;SorobanFixedPointError;UpgradeableError,23.1.0,
6bcd873c62564c2872dc60e833fb90b49882e76a4e31161b6314744b81c6d3de,1,undetermined (0.4.0-0.7.2),stellar-tokens,FungibleTokenError,26.1.0,
6c19d2b024c9a5f9bdfd00126160c280056e345e8856477a997eb6b6bcd46959,1,"stellar-access 0.6.0 (exact, from build path)",stellar-access;stellar-contract-utils;stellar-tokens,AccessControlError;ClaimIssuerError;ClaimTopicsAndIssuersError;ClaimsError;ComplianceError;CryptoError;DocumentError;FungibleTokenError;IRSError;MerkleDistributorError;NonFungibleTokenError;OwnableError;PausableError;RWAError;RoleTransferError;SorobanFixedPointError;TokenBinderError;UpgradeableError;VaultTokenError,23.4.0,
6c78a6b1ced100fdab17b249808b371b2c2ba49d2bd25843a2e9b51b80379658,1,0.5.0,stellar-contract-utils;stellar-tokens,ClaimIssuerError;ClaimTopicsAndIssuersError;ClaimsError;ComplianceError;CryptoError;DocumentError;FungibleTokenError;IRSError;MerkleDistributorError;NonFungibleTokenError;PausableError;RWAError;SorobanFixedPointError;TokenBinderError;UpgradeableError;VaultTokenError,23.1.0,
711eaa2bfb496b318eaa77215c4868522b55953b6ca8e7c9714baa2ebc92ace5,1,"0.4.0,0.4.1,0.5.0",stellar-access;stellar-contract-utils;stellar-tokens,AccessControlError;CryptoError;FungibleTokenError;MerkleDistributorError;NonFungibleTokenError;OwnableError;PausableError;RoleTransferError;UpgradeableError,22.0.8,
7198fa50a8de9116329cb5b4bccd9dd24226f1bb3f7adadb3be8aedfc42cd74e,1,0.5.0,stellar-contract-utils,CryptoError;MerkleDistributorError;PausableError;SorobanFixedPointError;UpgradeableError,23.5.2,
7282f98b5cfde16bd92efc9c4e62fbbced592cf098c2c1270a32a6628a263b5f,1,"0.4.0,0.4.1,0.5.0",stellar-access;stellar-contract-utils,AccessControlError;CryptoError;MerkleDistributorError;OwnableError;PausableError;RoleTransferError;UpgradeableError,22.0.11,
74af1a031934346260f7265dacb633209dba507c1416f1e37d52405b53478f71,1,undetermined (0.4.0-0.7.2),,,25.3.0,
76cb15cdae479d33e7ecb80f1f78cf446d4de23827be987cd1dc7ade705bb35b,1,0.6.0,stellar-access,AccessControlError;OwnableError;RoleTransferError,23.4.1,
76ce70fe6afbee2fb37c0cb164e79892fe8c437c99e2dc49cab58eeaa3ae75db,1,pre-0.4.0 (git only),,OwnableError,23.1.0,
7b7bd05b90e8cb8a337c290b487943786c4b0612485839ef22faa0c7b6992efa,1,undetermined (0.4.0-0.7.2),,OwnableError;UpgradeableError,25.1.1,
7e2328d8924ab9d8084eae52aad40bfce2eb387ad2ba944be18230fdd2c72608,1,"0.4.0,0.4.1,0.5.0,0.6.0",stellar-access;stellar-contract-utils,OwnableError;UpgradeableError,22.0.8,
7ebff3ba5016f7572e3cb5655deb31c4814a18008780f160091b0eb56cf87157,1,"stellar-access 0.4.1 (exact, from build path)",stellar-access;stellar-contract-utils;stellar-tokens,AccessControlError;CryptoError;FungibleTokenError;MerkleDistributorError;NonFungibleTokenError;OwnableError;PausableError;RoleTransferError;UpgradeableError,22.0.8,
7fc336bee7129a452374451348d5a666cd1f5c6296620deb5782383996b409d4,1,undetermined (0.4.0-0.7.2),,,25.3.1,
7ff7bc8306cb5ea306249905c751beb8b4017e2d66accef571d554485787854a,1,0.5.0,stellar-accounts,SimpleThresholdError;SmartAccountError;SpendingLimitError;WebAuthnError;WeightedThresholdError,23.2.1,
8055c4aed0e8e449277f4ad2101a8a25a99be05ef72505b31afd4b1dbf57bab9,1,0.5.0,stellar-access;stellar-contract-utils,AccessControlError;CryptoError;MerkleDistributorError;OwnableError;PausableError;RoleTransferError;SorobanFixedPointError;UpgradeableError,23.1.0,
814e71839a77b12242daa6306d0a7a36f4ba6484f9130891e93235040e01a348,1,0.6.0,stellar-access;stellar-contract-utils;stellar-tokens,AccessControlError;ClaimIssuerError;ClaimTopicsAndIssuersError;ClaimsError;ComplianceError;CryptoError;DocumentError;FungibleTokenError;IRSError;MerkleDistributorError;NonFungibleTokenError;OwnableError;PausableError;RWAError;RoleTransferError;SorobanFixedPointError;TokenBinderError;UpgradeableError;VaultTokenError,23.5.1,
83582a6d2952eb3a36240a1888c1becd45fdc3a6010c8b4e6615ec6f72251848,1,"stellar-access 0.4.1 (exact, from build path)",stellar-access;stellar-contract-utils;stellar-tokens,AccessControlError;CryptoError;FungibleTokenError;MerkleDistributorError;NonFungibleTokenError;OwnableError;PausableError;RoleTransferError;UpgradeableError,22.0.8,
848e901e7b141af830c87227c4becb05abbfdaa6f97657dd29e166383cc8894e,1,"0.4.0,0.4.1,0.5.0",stellar-access;stellar-contract-utils;stellar-tokens,AccessControlError;CryptoError;FungibleTokenError;MerkleDistributorError;NonFungibleTokenError;OwnableError;PausableError;RoleTransferError;UpgradeableError,22.0.8,
86ef6f7610c643c241cfa7dd76d0b3e4978cc76b83e70a49fa24df6bc3b27072,1,"stellar-tokens 0.7.1 (exact, from build path)",,,25.3.1,
888b330e4df6bc388de71b0b0a9889d605c74fb7533ac5d1bf2c32d3649cb985,1,0.6.0,stellar-accounts,SimpleThresholdError;SmartAccountError;SpendingLimitError;WebAuthnError;WeightedThresholdError,23.4.0,
88a43cd89d2c0a494ff92c7f236faa3f6e0a6e88032f5dd5b30e428f254f68e1,1,"0.4.0,0.4.1,0.5.0",stellar-access;stellar-tokens,AccessControlError;FungibleTokenError;NonFungibleTokenError;OwnableError;RoleTransferError,22.0.8,
8a2b3fd944612968801d015af20b843db0552affc8e79ef2775f7f21fd7f34cf,1,undetermined (0.4.0-0.7.2),,OwnableError;UpgradeableError,25.1.1,
8a339bce6c59b2aa97b8e8efd2db061a7d65b8f5583ddcc4b3ec29a27f27930c,1,"0.4.0,0.4.1,0.5.0",stellar-access;stellar-contract-utils;stellar-tokens,AccessControlError;CryptoError;FungibleTokenError;MerkleDistributorError;NonFungibleTokenError;OwnableError;PausableError;RoleTransferError;UpgradeableError,22.0.8,
8a3d3044c254070cbd3e5e21a0c207184a86b6c96c0457d1b0f124aa204bbfc9,1,"0.4.0,0.4.1,0.5.0",stellar-access;stellar-contract-utils,AccessControlError;CryptoError;MerkleDistributorError;OwnableError;PausableError;RoleTransferError;UpgradeableError,22.0.8,
8aa6278bc42ef5b60260a500c5c243a1309f2de7ce9a2c31131a771a0317815b,1,"0.4.0,0.4.1,0.5.0,0.6.0",stellar-contract-utils,CryptoError;MerkleDistributorError;PausableError;UpgradeableError,22.0.8,
8ad7472a0d3980aee12718a7e4e09dee9ad4657b4346e112057b57a4739b3fde,1,undetermined (0.4.0-0.7.2),,,25.3.1,
8c7eac15e56fe39b0bbb36c379764471819275c289b30ee4fddb106d33a660ec,1,"0.4.0,0.4.1,0.5.0",stellar-access;stellar-contract-utils,AccessControlError;PausableError;UpgradeableError,22.0.8,
8de494f9dbef2103a52538f664d03521802959efbdb91fc30769c81cebf65c0d,1,0.6.0,stellar-access;stellar-contract-utils;stellar-tokens,AccessControlError;ClaimIssuerError;ClaimTopicsAndIssuersError;ClaimsError;ComplianceError;CryptoError;DocumentError;FungibleTokenError;IRSError;MerkleDistributorError;NonFungibleTokenError;OwnableError;PausableError;RWAError;RoleTransferError;SorobanFixedPointError;TokenBinderError;UpgradeableError;VaultTokenError,23.4.0,
8f42a35df1173387ba2c5ffe34384b3e4517ce4ec11df13db67d5f2211267cf9,1,undetermined (0.4.0-0.7.2),,OwnableError;UpgradeableError,25.1.1,
9058c3f1c742cd26735f8682a0aa8294b6d3b60f539cf1a471de32499142423c,1,0.5.0,stellar-access;stellar-contract-utils;stellar-tokens,AccessControlError;ClaimIssuerError;ClaimTopicsAndIssuersError;ClaimsError;ComplianceError;CryptoError;DocumentError;FungibleTokenError;IRSError;MerkleDistributorError;NonFungibleTokenError;OwnableError;PausableError;RWAError;RoleTransferError;SorobanFixedPointError;TokenBinderError;UpgradeableError;VaultTokenError,23.4.0,
9229544366366dc1df1b4a500901ea1a0b678d80897e31ce3eb4a4c4593fca6e,1,0.6.0,stellar-access;stellar-contract-utils;stellar-tokens,AccessControlError;ClaimIssuerError;ClaimTopicsAndIssuersError;ClaimsError;ComplianceError;CryptoError;DocumentError;FungibleTokenError;IRSError;MerkleDistributorError;NonFungibleTokenError;OwnableError;PausableError;RWAError;RoleTransferError;SorobanFixedPointError;TokenBinderError;UpgradeableError;VaultTokenError,23.5.1,
93f5d2b314e4d56a5b8b900ebf3af5b640315008d6a7293004018d167f535542,1,"stellar-access 0.4.1 (exact, from build path)",stellar-access;stellar-contract-utils;stellar-tokens,AccessControlError;CryptoError;FungibleTokenError;MerkleDistributorError;NonFungibleTokenError;OwnableError;PausableError;RoleTransferError;UpgradeableError,22.0.8,
94313c946697c20f336f380782f7a7083a475c7cd18078c54c8d8108dbed6985,1,0.6.0,stellar-access;stellar-contract-utils;stellar-tokens,AccessControlError;ClaimIssuerError;ClaimTopicsAndIssuersError;ClaimsError;ComplianceError;CryptoError;DocumentError;FungibleTokenError;IRSError;MerkleDistributorError;NonFungibleTokenError;OwnableError;PausableError;RWAError;RoleTransferError;SorobanFixedPointError;TokenBinderError;UpgradeableError;VaultTokenError,23.5.3,
94d328b8fb8b31a74c6d316e157b9d427e4f46def0faeffbf426b392fc6020ac,1,0.6.0,stellar-contract-utils;stellar-tokens,ClaimIssuerError;ClaimTopicsAndIssuersError;ClaimsError;ComplianceError;CryptoError;DocumentError;FungibleTokenError;IRSError;MerkleDistributorError;NonFungibleTokenError;PausableError;RWAError;SorobanFixedPointError;TokenBinderError;UpgradeableError;VaultTokenError,23.5.2,
94e680699c16a4bf9f09d9077b7269c282e4162d5f331bb4173bd2095e18ab94,1,"0.4.0,0.4.1,0.5.0",stellar-tokens,NonFungibleTokenError,22.0.8,
95193c1d1efc4d6fe58c92b66638e86565fcbb6a3528e1db0bf91ea1cd583f1b,1,undetermined (0.4.0-0.7.2),,OwnableError;UpgradeableError,25.1.1,
961ef682ea88cf111e6f15b2ac7e03f2986a3fa36c7ca7d1d82ce4713d9bfa33,1,undetermined (0.4.0-0.7.2),,,25.3.1,
9620f3f9a3315b8b144bd3b50733a40013742fd86e9c63162874b6eb047daff0,1,"0.7.0,0.7.1,0.7.2",stellar-access;stellar-contract-utils;stellar-governance;stellar-tokens,AccessControlError;ClaimIssuerError;ClaimTopicsAndIssuersError;ClaimsError;ComplianceError;CryptoError;DocumentError;FungibleTokenError;GovernorError;IRSError;MerkleDistributorError;NonFungibleTokenError;OwnableError;PausableError;RWAError;RoleTransferError;SorobanFixedPointError;TimelockError;TokenBinderError;VaultTokenError;VotesError,25.3.0,
964d30c5347fc975dad81d84634b22bb578b9d0e733f13a91b44ecd459001342,1,"stellar-access 0.4.1 (exact, from build path)",stellar-access;stellar-contract-utils;stellar-tokens,AccessControlError;CryptoError;FungibleTokenError;MerkleDistributorError;NonFungibleTokenError;OwnableError;PausableError;RoleTransferError;UpgradeableError,22.0.8,
96b10c6777a412c435774f855b15a0e51bb0c2d37f00334cae31d974ff610b70,1,0.6.0,stellar-access;stellar-contract-utils;stellar-tokens,AccessControlError;ClaimIssuerError;ClaimTopicsAndIssuersError;ClaimsError;ComplianceError;CryptoError;DocumentError;FungibleTokenError;IRSError;MerkleDistributorError;NonFungibleTokenError;OwnableError;PausableError;RWAError;RoleTransferError;SorobanFixedPointError;TokenBinderError;UpgradeableError;VaultTokenError,23.5.1,
96b88cd87dacf077cd145a00bc2dcef8472bce0f3cc937f6644adb3865471b23,1,0.5.0,stellar-contract-utils,CryptoError;MerkleDistributorError;PausableError;SorobanFixedPointError;UpgradeableError,23.5.2,
99412caa6515ca93a6f17256480a6dbef5c3cb2e8b67cb9666a209b64d4a8142,1,0.6.0,stellar-access,AccessControlError;OwnableError;RoleTransferError,23.5.3,
9950bc02407ca1a41d534fc829da6907a7ca0656aa348aad4e74b44cf85ea6ff,1,"0.7.0,0.7.1,0.7.2",stellar-accounts,SimpleThresholdError;SmartAccountError;SpendingLimitError;WebAuthnError;WeightedThresholdError,25.3.1,
995e3a58b3cc7e12a85f2c72c23b1eeb29af4f71679547a66eb82eaf48dbec1b,1,0.6.0,stellar-access;stellar-contract-utils;stellar-tokens,AccessControlError;ClaimIssuerError;ClaimTopicsAndIssuersError;ClaimsError;ComplianceError;CryptoError;DocumentError;FungibleTokenError;IRSError;MerkleDistributorError;NonFungibleTokenError;OwnableError;PausableError;RWAError;RoleTransferError;SorobanFixedPointError;TokenBinderError;UpgradeableError;VaultTokenError,23.5.1,
9971ce9aa0bdc232ecc4ac3ce5c34855f5e2c0b9a4973efd0f7c6b218c966f5b,1,0.5.0,stellar-contract-utils;stellar-tokens,ClaimIssuerError;ClaimTopicsAndIssuersError;ClaimsError;ComplianceError;CryptoError;DocumentError;FungibleTokenError;IRSError;MerkleDistributorError;NonFungibleTokenError;PausableError;RWAError;TokenBinderError;UpgradeableError,23.0.2,
99bd0ddc506ee13fc4f433f0627092034dc38f4773ec16930a1823a1174431d4,1,0.5.0,stellar-access;stellar-contract-utils,AccessControlError;CryptoError;MerkleDistributorError;OwnableError;PausableError;RoleTransferError;SorobanFixedPointError;UpgradeableError,23.5.3,
99e5d3fa955bc5e07bba3d87aadf87f4520d571c762d70517e0fe8e2e9603d19,1,0.5.0,stellar-access;stellar-contract-utils,AccessControlError;CryptoError;MerkleDistributorError;OwnableError;PausableError;RoleTransferError;SorobanFixedPointError;UpgradeableError,23.1.0,
99f98ecb0d199523a937c327daee39ed5029303656d6994868880ef62ef59919,1,0.5.0,stellar-access;stellar-contract-utils;stellar-tokens,AccessControlError;ClaimIssuerError;ClaimTopicsAndIssuersError;ClaimsError;ComplianceError;CryptoError;DocumentError;FungibleTokenError;IRSError;MerkleDistributorError;NonFungibleTokenError;OwnableError;PausableError;RWAError;RoleTransferError;SorobanFixedPointError;TokenBinderError;UpgradeableError;VaultTokenError,23.4.0,
9a4cf40826124324d9c45c805d1512ca5b08cf6a6f70a11cf70e719194d9a36e,1,"0.4.0,0.4.1,0.5.0",stellar-access;stellar-contract-utils;stellar-tokens,AccessControlError;CryptoError;FungibleTokenError;MerkleDistributorError;NonFungibleTokenError;OwnableError;PausableError;RoleTransferError;UpgradeableError,22.0.8,
9af3cb44f542580e0828c39a1d3dfc4936d8bf77303f27e8965e232168b519fd,1,0.6.0,stellar-access;stellar-contract-utils,AccessControlError;CryptoError;MerkleDistributorError;OwnableError;PausableError;RoleTransferError;SorobanFixedPointError;UpgradeableError,23.5.3,
9c0c872a2ae03deba033c81f5c1f8c594fde8251d2549c5db1a4cc150c96b8f8,1,0.5.0,stellar-contract-utils,CryptoError;MerkleDistributorError;PausableError;SorobanFixedPointError;UpgradeableError,23.4.0,
9c195c64bf69d34919af3b334774d094ed3cb038a71d5b8df7a411390fb0678f,1,"0.4.0,0.4.1,0.5.0",stellar-access;stellar-contract-utils,AccessControlError;CryptoError;MerkleDistributorError;OwnableError;PausableError;RoleTransferError;UpgradeableError,22.0.11,
9c968da6c6e0291439c903ca35891d76b5ade22a490492303a1f4ca25959a192,1,0.6.0,stellar-access;stellar-contract-utils;stellar-tokens,AccessControlError;ClaimIssuerError;ClaimTopicsAndIssuersError;ClaimsError;ComplianceError;CryptoError;DocumentError;FungibleTokenError;IRSError;MerkleDistributorError;NonFungibleTokenError;OwnableError;PausableError;RWAError;RoleTransferError;SorobanFixedPointError;TokenBinderError;UpgradeableError;VaultTokenError,23.4.1,
9d55e19fd956cd9045d6a1b443934a9a96679ca1066f74ae2279ebf5bb72bd5a,1,0.6.0,stellar-access;stellar-contract-utils;stellar-tokens,AccessControlError;ClaimIssuerError;ClaimTopicsAndIssuersError;ClaimsError;ComplianceError;CryptoError;DocumentError;FungibleTokenError;IRSError;MerkleDistributorError;NonFungibleTokenError;OwnableError;PausableError;RWAError;RoleTransferError;SorobanFixedPointError;TokenBinderError;UpgradeableError;VaultTokenError,23.5.3,
9e43269d51fb374025ac4eed3b0cc74811d713e697ba508c93e99177226cd887,1,"stellar-access 0.6.0 (exact, from build path)",stellar-access,AccessControlError;OwnableError;RoleTransferError,23.4.0,
9e5d7dc78ca00fc7c7afc914a0b3ecbcec61b4e7b1893a84bf47c3b811c68aa1,1,undetermined (0.4.0-0.7.2),,,25.3.0,
a2cb78501a0ad922a1a9ec2c1bfa87d508bada26e61384f8c4485ac9cb1bbdeb,1,"0.7.0,0.7.1,0.7.2",stellar-access;stellar-contract-utils;stellar-governance;stellar-tokens,AccessControlError;ClaimIssuerError;ClaimTopicsAndIssuersError;ClaimsError;ComplianceError;CryptoError;DocumentError;FungibleTokenError;GovernorError;IRSError;MerkleDistributorError;NonFungibleTokenError;OwnableError;PausableError;RWAError;RoleTransferError;SorobanFixedPointError;TimelockError;TokenBinderError;VaultTokenError;VotesError,25.3.0,
a6c1acc6e367e46535733ce8a7320c718616ed42f762cf2f1a0aa77ac6e056f6,1,0.5.0,stellar-access;stellar-contract-utils,AccessControlError;CryptoError;MerkleDistributorError;OwnableError;PausableError;RoleTransferError;SorobanFixedPointError;UpgradeableError,23.5.3,
ac1d6ce434d2bcc9d25cbbfaf20942e21ca913aab51943f346b41e5500f3bad3,1,"0.7.0,0.7.1,0.7.2",stellar-accounts,SimpleThresholdError;SmartAccountError;SpendingLimitError;WebAuthnError;WeightedThresholdError,25.3.1,
ac39c01f46de44eff785593aae42f6a470e487f3cbfb4daffec922c4bbba34ff,1,0.5.0,stellar-access;stellar-contract-utils,AccessControlError;CryptoError;MerkleDistributorError;OwnableError;PausableError;RoleTransferError;SorobanFixedPointError;UpgradeableError,23.1.0,
acabe392b764c5a8703d814c42b25545dbfb26b2122b86847b239448471ebc2a,1,"0.4.0,0.4.1,0.5.0",stellar-access;stellar-tokens,AccessControlError;FungibleTokenError;NonFungibleTokenError;OwnableError;RoleTransferError,22.0.8,
ae68869840391da72e9db3e07a5c3271a645b67101c0ef097ba9604f07823ad0,1,"0.4.0,0.4.1,0.5.0",stellar-access;stellar-contract-utils;stellar-tokens,AccessControlError;CryptoError;FungibleTokenError;MerkleDistributorError;NonFungibleTokenError;OwnableError;PausableError;RoleTransferError;UpgradeableError,22.0.8,
b1dc665820e36c14f55e72e3492748d5933c32331c1a2bfeb77a2e997668ab8d,1,"0.4.0,0.4.1,0.5.0",stellar-access,AccessControlError;OwnableError;RoleTransferError,22.0.8,
b359f16d7f0f29d5028fbe8779a8df86a889ba0691d4f8c8b963df4a6d889e76,1,0.5.0,stellar-accounts;stellar-contract-utils,CryptoError;MerkleDistributorError;PausableError;SimpleThresholdError;SmartAccountError;SorobanFixedPointError;SpendingLimitError;UpgradeableError;WebAuthnError;WeightedThresholdError,23.0.3,
b658588a255ba6f6cdfcef828341b6cbead30118b2bfc954ed11eb8a11484c3e,1,"stellar-access 0.4.1 (exact, from build path)",stellar-access;stellar-contract-utils;stellar-tokens,AccessControlError;CryptoError;FungibleTokenError;MerkleDistributorError;NonFungibleTokenError;OwnableError;PausableError;RoleTransferError;UpgradeableError,22.0.8,
b844cd348cb9fecafced88a170a2770cc6f8d1cd90aa32cc068b9f3728e02184,1,"0.7.0,0.7.1,0.7.2",stellar-accounts,SimpleThresholdError;SmartAccountError;SpendingLimitError;WebAuthnError;WeightedThresholdError,25.3.1,
b896cbda43837ba7f78b26913ca8a3b0c9facc28e804d5d319da6c6acd7f7395,1,"stellar-access 0.4.1 (exact, from build path)",stellar-access,AccessControlError;OwnableError;RoleTransferError,22.0.8,
bad961feb4eb6592414be95715bb2cd5e68d4e17e83c99efab78c77e5723cec7,1,0.5.0,stellar-access;stellar-contract-utils;stellar-tokens,AccessControlError;ClaimIssuerError;ClaimTopicsAndIssuersError;ClaimsError;ComplianceError;CryptoError;DocumentError;FungibleTokenError;IRSError;MerkleDistributorError;NonFungibleTokenError;OwnableError;PausableError;RWAError;RoleTransferError;SorobanFixedPointError;TokenBinderError;UpgradeableError;VaultTokenError,23.4.0,
bd42279f0dd674a521e6e94574613d7e5d5769c8a9fe950acb9b47ec0eaee99a,1,0.5.0,stellar-contract-utils;stellar-tokens,ClaimIssuerError;ClaimTopicsAndIssuersError;ClaimsError;ComplianceError;CryptoError;DocumentError;FungibleTokenError;IRSError;MerkleDistributorError;NonFungibleTokenError;PausableError;RWAError;TokenBinderError;UpgradeableError,23.0.2,
bd7bed10cfe1161e3aa5e233763d371289a2eefdb9fd70cee5e2343fb6fa6326,1,0.6.0,stellar-accounts,SimpleThresholdError;SmartAccountError;SpendingLimitError;WebAuthnError;WeightedThresholdError,23.4.0,
bdd2ccfce63e732947b9a3ef2b1d736118eefda9e085738e1d7f695c77c56cd2,1,0.5.0,stellar-access;stellar-contract-utils;stellar-tokens,AccessControlError;ClaimIssuerError;ClaimTopicsAndIssuersError;ClaimsError;ComplianceError;CryptoError;DocumentError;FungibleTokenError;IRSError;MerkleDistributorError;NonFungibleTokenError;OwnableError;PausableError;RWAError;RoleTransferError;SorobanFixedPointError;TokenBinderError;UpgradeableError;VaultTokenError,23.4.0,
be969de545da89a04508e4952e94a53a77e76ecfa67d74b23fd56e0be42290d4,1,"git 7b14668 (packages/tokens) (git commit, from build path)",stellar-contract-utils;stellar-tokens,ClaimIssuerError;ClaimTopicsAndIssuersError;ClaimsError;ComplianceError;CryptoError;DocumentError;FungibleTokenError;IRSError;MerkleDistributorError;NonFungibleTokenError;PausableError;RWAError;TokenBinderError;UpgradeableError,23.0.2,
bee6456eb84c244235eae43ae68f218f17d33e21926548f5342114f15bf35bda,1,0.6.0,stellar-access;stellar-contract-utils;stellar-tokens,AccessControlError;ClaimIssuerError;ClaimTopicsAndIssuersError;ClaimsError;ComplianceError;CryptoError;DocumentError;FungibleTokenError;IRSError;MerkleDistributorError;NonFungibleTokenError;OwnableError;PausableError;RWAError;RoleTransferError;SorobanFixedPointError;TokenBinderError;UpgradeableError;VaultTokenError,23.5.1,
bf1aa9b2a4f8c05e1e5226009800bf69bd9ab7375ad160a1113d8d31a6ffdc69,1,"0.7.0,0.7.1,0.7.2",stellar-accounts,WebAuthnError,26.1.0,
bf9358ac2e188d74a695cd6009929735f90e8c891f922a9de5fcdc7037af255e,1,undetermined (0.4.0-0.7.2),,OwnableError;UpgradeableError,25.1.1,
bfb64fd1012d945e481df81d6849d742ee8c70f2043651d1be96f1f40ecdb2e7,1,"stellar-access 0.4.1 (exact, from build path)",stellar-access;stellar-contract-utils;stellar-tokens,AccessControlError;CryptoError;FungibleTokenError;MerkleDistributorError;NonFungibleTokenError;OwnableError;PausableError;RoleTransferError;UpgradeableError,22.0.8,
bfe8f883a0170359712f60268da88fc1a2fdae146fee05f8efdceb6a14e1e917,1,0.5.0,stellar-access;stellar-contract-utils,AccessControlError;CryptoError;MerkleDistributorError;OwnableError;PausableError;RoleTransferError;SorobanFixedPointError;UpgradeableError,23.1.0,
c06729ddc566021fc8e93c97653ad06ef0a512ea04a877d66527c330fb51ff3d,1,"0.7.0,0.7.1,0.7.2",stellar-accounts,SimpleThresholdError;SmartAccountError;SpendingLimitError;WebAuthnError;WeightedThresholdError,25.3.1,
c1092be4ec2cc6319bee50ffeb824d33134078f99501bbace831a6f562935b5c,1,"0.4.0,0.4.1,0.5.0,0.6.0",stellar-access;stellar-contract-utils,OwnableError;UpgradeableError,22.0.8,
c6d58eb813ef20c80a88c72fc5d14ff02263e9316e2a2bf102696a60cd781354,1,undetermined (0.4.0-0.7.2),,,25.3.1,
caa7ed299890f70284707caeccc6b2bb66b032b84689dee1bb27d530b9b66449,1,0.5.0,stellar-access;stellar-contract-utils;stellar-tokens,AccessControlError;ClaimIssuerError;ClaimTopicsAndIssuersError;ClaimsError;ComplianceError;CryptoError;DocumentError;FungibleTokenError;IRSError;MerkleDistributorError;NonFungibleTokenError;OwnableError;PausableError;RWAError;RoleTransferError;SorobanFixedPointError;TokenBinderError;UpgradeableError;VaultTokenError,23.4.0,
cb0a6f87fc7bbef6d6d8d1c1631c1a29d951a41002425d3e7fbad251e9b8a7db,1,"0.4.0,0.4.1,0.5.0",stellar-tokens,NonFungibleTokenError,22.0.8,
cd86e1329db43816a62ecb5539ab046d8ba5f505ef61694479c42177e7ecd46c,1,"git 7b14668 (packages/tokens) (git commit, from build path)",stellar-contract-utils;stellar-tokens,ClaimIssuerError;ClaimTopicsAndIssuersError;ClaimsError;ComplianceError;CryptoError;DocumentError;FungibleTokenError;IRSError;MerkleDistributorError;NonFungibleTokenError;PausableError;RWAError;TokenBinderError;UpgradeableError,23.0.2,
ce625cceae48a4f2867a6f7ba4d30bb3d904494847eb63e0b95f8df0c77d14bb,1,"0.4.0,0.4.1,0.5.0",stellar-access;stellar-contract-utils;stellar-tokens,AccessControlError;CryptoError;FungibleTokenError;MerkleDistributorError;NonFungibleTokenError;OwnableError;PausableError;RoleTransferError;UpgradeableError,22.0.8,
cf2df771b015c2a25e13ff0a5b9a8fc31cb3adf0b22ccaf78a544f141610cd93,1,"0.4.0,0.4.1,0.5.0",stellar-access;stellar-contract-utils;stellar-tokens,AccessControlError;CryptoError;FungibleTokenError;MerkleDistributorError;NonFungibleTokenError;OwnableError;PausableError;RoleTransferError;UpgradeableError,22.0.8,
d07941bef95ad91e9e5f64fa1ecfad57ca7aacf1cc3cd0e54f1dfa0859b0f6fb,1,"stellar-access 0.4.1 (exact, from build path)",stellar-access;stellar-contract-utils;stellar-tokens,AccessControlError;CryptoError;FungibleTokenError;MerkleDistributorError;NonFungibleTokenError;OwnableError;PausableError;RoleTransferError;UpgradeableError,22.0.8,
d0d1b6e15bf038d1dea4656baf35e69fbf1ffe4b09e7068aaeea5d5f76eacd7f,1,0.6.0,stellar-access;stellar-contract-utils;stellar-tokens,AccessControlError;ClaimIssuerError;ClaimTopicsAndIssuersError;ClaimsError;ComplianceError;CryptoError;DocumentError;FungibleTokenError;IRSError;MerkleDistributorError;NonFungibleTokenError;OwnableError;PausableError;RWAError;RoleTransferError;SorobanFixedPointError;TokenBinderError;UpgradeableError;VaultTokenError,23.5.3,
d237fa83840c068f576d8c51a424a645a8ae3b8b18dc888a95cac65d139c8c58,1,0.5.0,stellar-accounts,SimpleThresholdError;SmartAccountError;SpendingLimitError;WebAuthnError;WeightedThresholdError,23.0.3,
d338638bfe9350f313e9a60d965c3402ef99744865f25fba0b6735fe8106cedf,1,undetermined (0.4.0-0.7.2),stellar-tokens,FungibleTokenError,22.0.8,
d43bca8128c9f3bd541d921245443825c413e012038df823aa3c7a48aea58a6c,1,0.6.0,stellar-contract-utils,CryptoError;MerkleDistributorError;PausableError;SorobanFixedPointError;UpgradeableError,23.4.1,
d4862be2522cfe5cd4d55a160e10ab7c313ab1297773ea00e98e3eaa0225aa0f,1,undetermined (0.4.0-0.7.2),,OwnableError;UpgradeableError,25.1.1,
d54eec4122b02dc2b9033b8f63dc269ec4a322767acf8233f735c02d77f3594e,1,"0.6.0,0.7.0,0.7.1,0.7.2",stellar-tokens,NonFungibleTokenError,26.1.0,
d65b3bb0e0c61300e44efa61d50ae9ac6d32544382093b502182f884819740ec,1,0.5.0,stellar-contract-utils;stellar-tokens,ClaimIssuerError;ClaimTopicsAndIssuersError;ClaimsError;ComplianceError;CryptoError;DocumentError;FungibleTokenError;IRSError;MerkleDistributorError;NonFungibleTokenError;PausableError;RWAError;TokenBinderError;UpgradeableError,25.0.2,
d6cb1f2efd64c67a58c4dbb911771c79ecab1aa4d839cf7fb4942c26a8a24854,1,0.6.0,stellar-access;stellar-contract-utils;stellar-tokens,AccessControlError;ClaimIssuerError;ClaimTopicsAndIssuersError;ClaimsError;ComplianceError;CryptoError;DocumentError;FungibleTokenError;IRSError;MerkleDistributorError;NonFungibleTokenError;OwnableError;PausableError;RWAError;RoleTransferError;SorobanFixedPointError;TokenBinderError;UpgradeableError;VaultTokenError,23.5.1,
d8d02417173001500af899629dc00cb2c718bd82ba45326cd62695706841e260,1,"0.7.0,0.7.1,0.7.2",stellar-access;stellar-contract-utils;stellar-governance;stellar-tokens,AccessControlError;ClaimIssuerError;ClaimTopicsAndIssuersError;ClaimsError;ComplianceError;CryptoError;DocumentError;FungibleTokenError;GovernorError;IRSError;MerkleDistributorError;NonFungibleTokenError;OwnableError;PausableError;RWAError;RoleTransferError;SorobanFixedPointError;TimelockError;TokenBinderError;VaultTokenError;VotesError,25.3.0,
dae1af1c2863e907e6b58dc861bb7ae610c9b951d23af7902a6afc247b923b0a,1,"git 7b14668 (packages/tokens) (git commit, from build path)",stellar-contract-utils;stellar-tokens,ClaimIssuerError;ClaimTopicsAndIssuersError;ClaimsError;ComplianceError;CryptoError;DocumentError;FungibleTokenError;IRSError;MerkleDistributorError;NonFungibleTokenError;PausableError;RWAError;TokenBinderError;UpgradeableError,23.0.2,
db136378388fcfca090c0cd636ae90d1f0318dbe0d7d5d438a76aef121746dd8,1,0.5.0,stellar-access;stellar-contract-utils;stellar-tokens,AccessControlError;ClaimIssuerError;ClaimTopicsAndIssuersError;ClaimsError;ComplianceError;CryptoError;DocumentError;FungibleTokenError;IRSError;MerkleDistributorError;NonFungibleTokenError;OwnableError;PausableError;RWAError;RoleTransferError;SorobanFixedPointError;TokenBinderError;UpgradeableError;VaultTokenError,23.4.0,
dc6a54133f088a51bdf6a1f83eefe776192015f3fd1998f96013317cacc50fbb,1,0.5.0,stellar-access;stellar-contract-utils,AccessControlError;CryptoError;MerkleDistributorError;OwnableError;PausableError;RoleTransferError;SorobanFixedPointError;UpgradeableError,23.1.0,
dd83430703a4ff25047b46f621033a1633cd37abc7e8ebafd4a811bb9e287435,1,0.6.0,stellar-access;stellar-contract-utils;stellar-tokens,AccessControlError;ClaimIssuerError;ClaimTopicsAndIssuersError;ClaimsError;ComplianceError;CryptoError;DocumentError;FungibleTokenError;IRSError;MerkleDistributorError;NonFungibleTokenError;OwnableError;PausableError;RWAError;RoleTransferError;SorobanFixedPointError;TokenBinderError;UpgradeableError;VaultTokenError,23.5.1,
deca03ee948382db663585f7b4e90bbd8ef719a96f2bb986f7530a9654e738a2,1,undetermined (0.4.0-0.7.2),stellar-contract-utils,PausableError,22.0.7,
e02a7bed28dd0aab8c4a926804efaef9a30614c85e9936d3e3a220bd98b4f5f9,1,"git 7b14668 (packages/tokens) (git commit, from build path)",stellar-contract-utils;stellar-tokens,ClaimIssuerError;ClaimTopicsAndIssuersError;ClaimsError;ComplianceError;CryptoError;DocumentError;FungibleTokenError;IRSError;MerkleDistributorError;NonFungibleTokenError;PausableError;RWAError;TokenBinderError;UpgradeableError,23.0.2,
e039233a805d7313439c0ecacd7a568dd594180f86c81c7d885acaca9c005d46,1,0.6.0,stellar-access;stellar-contract-utils;stellar-tokens,AccessControlError;ClaimIssuerError;ClaimTopicsAndIssuersError;ClaimsError;ComplianceError;CryptoError;DocumentError;FungibleTokenError;IRSError;MerkleDistributorError;NonFungibleTokenError;OwnableError;PausableError;RWAError;RoleTransferError;SorobanFixedPointError;TokenBinderError;UpgradeableError;VaultTokenError,23.5.1,
e047aca524cc12d5fd0912434c5ed0b6fff7578028410e50a2c2b5f5e77c70ce,1,0.5.0,stellar-access;stellar-contract-utils;stellar-tokens,AccessControlError;ClaimIssuerError;ClaimTopicsAndIssuersError;ClaimsError;ComplianceError;CryptoError;DocumentError;FungibleTokenError;IRSError;MerkleDistributorError;NonFungibleTokenError;OwnableError;PausableError;RWAError;RoleTransferError;SorobanFixedPointError;TokenBinderError;UpgradeableError;VaultTokenError,23.1.0,
e10cd58fbcac623bce5a6fa67eaf5ea4244639aaec234757f5d98317dfa855c7,1,0.6.0,stellar-access;stellar-contract-utils;stellar-tokens,AccessControlError;ClaimIssuerError;ClaimTopicsAndIssuersError;ClaimsError;ComplianceError;CryptoError;DocumentError;FungibleTokenError;IRSError;MerkleDistributorError;NonFungibleTokenError;OwnableError;PausableError;RWAError;RoleTransferError;SorobanFixedPointError;TokenBinderError;UpgradeableError;VaultTokenError,23.4.0,
e1191bc282426547ae9c65f4188a69678b16897bcd40c548ff9940650470c409,1,undetermined (0.4.0-0.7.2),,OwnableError;UpgradeableError,25.1.1,
e13706e466a257a4c101afc1b5e54e0bf5db00c3e50aef1e9d3728950efe08c3,1,0.6.0,stellar-contract-utils,CryptoError;MerkleDistributorError;PausableError;SorobanFixedPointError;UpgradeableError,23.4.1,
e151a630a9746cfe082c7a17575f2b8e36bbd0fb4815f8584b7047ff0f28bc88,1,"0.4.0,0.4.1,0.5.0,0.6.0",stellar-access;stellar-contract-utils,OwnableError;UpgradeableError,22.0.8,
e3367532a27a015a0c051b68e5db1939295e946b7014f3c023ec125773ae1a06,1,"stellar-tokens 0.6.0 (exact, from build path)",stellar-contract-utils;stellar-tokens,ClaimIssuerError;ClaimTopicsAndIssuersError;ClaimsError;ComplianceError;CryptoError;DocumentError;FungibleTokenError;IRSError;MerkleDistributorError;NonFungibleTokenError;PausableError;RWAError;SorobanFixedPointError;TokenBinderError;UpgradeableError;VaultTokenError,23.5.3,
e337b7a3aeb03923b923193358634b6c0fbfc379d78045a8bb509ff13fddbe6a,1,0.5.0,stellar-contract-utils;stellar-tokens,ClaimIssuerError;ClaimTopicsAndIssuersError;ClaimsError;ComplianceError;CryptoError;DocumentError;FungibleTokenError;IRSError;MerkleDistributorError;NonFungibleTokenError;PausableError;RWAError;SorobanFixedPointError;TokenBinderError;UpgradeableError;VaultTokenError,23.1.0,
e3d543ac9a364f5ce8c1879a598b362f6ac77b715924e83266784e803e572ea7,1,0.6.0,stellar-access;stellar-contract-utils;stellar-tokens,AccessControlError;ClaimIssuerError;ClaimTopicsAndIssuersError;ClaimsError;ComplianceError;CryptoError;DocumentError;FungibleTokenError;IRSError;MerkleDistributorError;NonFungibleTokenError;OwnableError;PausableError;RWAError;RoleTransferError;SorobanFixedPointError;TokenBinderError;UpgradeableError;VaultTokenError,23.5.2,
e48f0e9939ceb39d6daa0e909355bc36642cd54aabbbd19db93ad02723600a34,1,0.6.0,stellar-access,AccessControlError;OwnableError;RoleTransferError,23.4.1,
e5a97c9d7e69b9c03a9ba3b415c069d07a9b5282737921ba1f4a99b256510ab9,1,undetermined (0.4.0-0.7.2),,OwnableError;UpgradeableError,25.1.1,
e83f684427c08d14e191ffd6173a4b300e780f9cd7248e444412b4c248f8efcb,1,0.5.0,stellar-access;stellar-contract-utils,AccessControlError;CryptoError;MerkleDistributorError;OwnableError;PausableError;RoleTransferError;SorobanFixedPointError;UpgradeableError,23.1.0,
ea5d24bc6768196843dd3c43d004e5eda7e3936cab53de4fc47cf82a24c8d73f,1,0.6.0,stellar-access;stellar-contract-utils;stellar-tokens,AccessControlError;ClaimIssuerError;ClaimTopicsAndIssuersError;ClaimsError;ComplianceError;CryptoError;DocumentError;FungibleTokenError;IRSError;MerkleDistributorError;NonFungibleTokenError;OwnableError;PausableError;RWAError;RoleTransferError;SorobanFixedPointError;TokenBinderError;UpgradeableError;VaultTokenError,23.5.1,
eb817999b8e7cee5d6ceee3152e2911a75fd56e48b0bc86ed1971b062521109a,1,0.5.0,stellar-access;stellar-contract-utils;stellar-tokens,AccessControlError;ClaimIssuerError;ClaimTopicsAndIssuersError;ClaimsError;ComplianceError;CryptoError;DocumentError;FungibleTokenError;IRSError;MerkleDistributorError;NonFungibleTokenError;OwnableError;PausableError;RWAError;RoleTransferError;SorobanFixedPointError;TokenBinderError;UpgradeableError;VaultTokenError,23.1.0,
ebad9a30db7f22f11743c9857b86ba1784600f71fb4dae5236f5139d3e465e59,1,"0.4.0,0.4.1,0.5.0",stellar-access;stellar-contract-utils,AccessControlError;CryptoError;MerkleDistributorError;OwnableError;PausableError;RoleTransferError;UpgradeableError,22.0.8,
ec38ed5e6f3a1ebf9596856140dffab99e9648cbcdd073c8492a0867f5cab416,1,"0.7.0,0.7.1,0.7.2",stellar-access;stellar-contract-utils;stellar-governance;stellar-tokens,AccessControlError;ClaimIssuerError;ClaimTopicsAndIssuersError;ClaimsError;ComplianceError;CryptoError;DocumentError;FungibleTokenError;GovernorError;IRSError;MerkleDistributorError;NonFungibleTokenError;OwnableError;PausableError;RWAError;RoleTransferError;SorobanFixedPointError;TimelockError;TokenBinderError;VaultTokenError;VotesError,25.3.0,
ee6f064abaaf85479fc2a5788e9eeb4ab0c5e063fe3eb24a43a73251bc19b8a6,1,"stellar-access 0.6.0 (exact, from build path)",stellar-access,AccessControlError;OwnableError;RoleTransferError,23.4.0,
ef63683721757a7d6bdb2691e9d1e4dbf0e446ff5b02ea2fb3d1f8d2c18e4872,1,0.5.0,stellar-accounts,SimpleThresholdError;SmartAccountError;SpendingLimitError;WebAuthnError;WeightedThresholdError,23.2.1,
f0bb0202b920c28995949a9717f77d470a9076c0ff860b32a34e14662a0e7947,1,0.6.0,stellar-accounts,SimpleThresholdError;SmartAccountError;SpendingLimitError;WebAuthnError;WeightedThresholdError,23.4.0,
f0f1ba47b170627ceb4afb9b50523346bad7876535336a07d6d2c2581f754731,1,0.5.0,stellar-contract-utils;stellar-tokens,ClaimIssuerError;ClaimTopicsAndIssuersError;ClaimsError;ComplianceError;CryptoError;DocumentError;FungibleTokenError;IRSError;MerkleDistributorError;NonFungibleTokenError;PausableError;RWAError;SorobanFixedPointError;TokenBinderError;UpgradeableError;VaultTokenError,23.1.0,
f133e299fc7a62b6d7230c142c8d25925d84c6c5fb77fab16c44249fc5c5d1ba,1,0.6.0,stellar-access;stellar-contract-utils;stellar-tokens,AccessControlError;ClaimIssuerError;ClaimTopicsAndIssuersError;ClaimsError;ComplianceError;CryptoError;DocumentError;FungibleTokenError;IRSError;MerkleDistributorError;NonFungibleTokenError;OwnableError;PausableError;RWAError;RoleTransferError;SorobanFixedPointError;TokenBinderError;UpgradeableError;VaultTokenError,23.5.1,
f1ceec13366e837c507ae6b432a5ba9901ccea2a55671a20f4bbfb816409480d,1,"0.4.0,0.4.1,0.5.0,0.6.0",stellar-access;stellar-contract-utils;stellar-tokens,FungibleTokenError;OwnableError;PausableError;UpgradeableError,22.0.8,
f1f2de50e012880252a7430532a00c53889360129b8b3c551303aea4ba450eec,1,"0.4.0,0.4.1,0.5.0",stellar-access;stellar-tokens,AccessControlError;FungibleTokenError;NonFungibleTokenError;OwnableError;RoleTransferError,22.0.8,
f1fc83bcd22b5f2923f4dd9f97c849ef5c66dd1c246ace66070fd4c7e70b8440,1,0.6.0,stellar-access,AccessControlError;OwnableError;RoleTransferError,23.4.0,
f201f0df6d7f78dc31f01186ef017390e74d55f885a6c861ced27b1428bb5071,1,"0.4.0,0.4.1,0.5.0",stellar-access;stellar-contract-utils;stellar-tokens,AccessControlError;CryptoError;FungibleTokenError;MerkleDistributorError;NonFungibleTokenError;OwnableError;PausableError;RoleTransferError;UpgradeableError,22.0.8,
f25af88f3e26f603a6569b2554b3f85ccc8af9a88f3b904fba873637c64eb2ab,1,undetermined (0.4.0-0.7.2),,,25.3.0,
f2c496095a9f91490e95ebd3c6a2796e112adf163da50fadcb1a2f4b64322027,1,"0.7.0,0.7.1,0.7.2",stellar-access;stellar-contract-utils;stellar-governance;stellar-tokens,AccessControlError;ClaimIssuerError;ClaimTopicsAndIssuersError;ClaimsError;ComplianceError;CryptoError;DocumentError;FungibleTokenError;GovernorError;IRSError;MerkleDistributorError;NonFungibleTokenError;OwnableError;PausableError;RWAError;RoleTransferError;SorobanFixedPointError;TimelockError;TokenBinderError;VaultTokenError;VotesError,25.3.0,
f4d30d106cf89cad70e51c4ee76987e31f29965b6e20d657122895c00d44611c,1,undetermined (0.4.0-0.7.2),stellar-contract-utils,FungibleTokenError;PausableError,22.0.7,
f4de70f678124ba1f17642e07b7a06355deb468e0df573b8897269258fb0ff1a,1,"0.4.0,0.4.1,0.5.0",stellar-access;stellar-contract-utils,AccessControlError;CryptoError;MerkleDistributorError;OwnableError;PausableError;RoleTransferError;UpgradeableError,22.0.8,
f54485d59dae89a670700f597109aaadcb21f1004b6a4dae3c2251ac64459faf,1,mixed/forked (no single release fits),stellar-contract-utils;stellar-governance;stellar-tokens,ClaimIssuerError;ClaimTopicsAndIssuersError;ClaimsError;ComplianceError;CryptoError;DocumentError;FungibleTokenError;IRSError;MerkleDistributorError;NonFungibleTokenError;PausableError;RWAError;SorobanFixedPointError;TimelockError;TokenBinderError;UpgradeableError;VaultTokenError;VotesError,25.1.1,
f60388c750007590466300ca03072e72f667a61fbf0d9beea1906d711232c7fb,1,0.5.0,stellar-access;stellar-contract-utils,AccessControlError;CryptoError;MerkleDistributorError;OwnableError;PausableError;RoleTransferError;SorobanFixedPointError;UpgradeableError,23.1.0,
f62517c112a5d16dcc1b4d1be4cfc430d515f93603a46cc92824a3839f408c9a,1,0.5.0,stellar-contract-utils;stellar-tokens,ClaimIssuerError;ClaimTopicsAndIssuersError;ClaimsError;ComplianceError;CryptoError;DocumentError;FungibleTokenError;IRSError;MerkleDistributorError;NonFungibleTokenError;PausableError;RWAError;TokenBinderError;UpgradeableError,23.0.2,
fa614b94265f106e3a9ec581a43eb7f19484ef812d092e71a516624034c84c14,1,"0.4.0,0.4.1,0.5.0",stellar-access;stellar-contract-utils,AccessControlError;CryptoError;MerkleDistributorError;OwnableError;PausableError;RoleTransferError;UpgradeableError,22.0.11,
fb4f88ab8f745ff8db7fe65efc49ff2ce9a87c13dd66ee862ab4671c55af7d95,1,"0.4.0,0.4.1,0.5.0",stellar-access,AccessControlError;OwnableError;RoleTransferError,22.0.8,
fc9e8556c6ff8ce97f782290a70da308f2fd46b5526e0fe8b639ad054de55c60,1,"0.4.0,0.4.1,0.5.0",stellar-access;stellar-contract-utils;stellar-tokens,AccessControlError;CryptoError;FungibleTokenError;MerkleDistributorError;NonFungibleTokenError;OwnableError;PausableError;RoleTransferError;UpgradeableError,22.0.8,
fda4715d94ee2abb5443c612de81f8dddd09bfa5cdf54f62dd8f77ffa29469be,1,0.6.0,stellar-access;stellar-contract-utils;stellar-tokens,AccessControlError;ClaimIssuerError;ClaimTopicsAndIssuersError;ClaimsError;ComplianceError;CryptoError;DocumentError;FungibleTokenError;IRSError;MerkleDistributorError;NonFungibleTokenError;OwnableError;PausableError;RWAError;RoleTransferError;SorobanFixedPointError;TokenBinderError;UpgradeableError;VaultTokenError,23.5.1,
fe0fa81b066aab1f651e40b0b946f25e5034d0e0d734aa425e6f26d921a12d63,1,"0.7.0,0.7.1,0.7.2",stellar-access;stellar-accounts;stellar-contract-utils;stellar-governance;stellar-tokens,AccessControlError;ClaimIssuerError;ClaimTopicsAndIssuersError;ClaimsError;ComplianceError;CryptoError;DocumentError;FungibleTokenError;GovernorError;IRSError;MerkleDistributorError;NonFungibleTokenError;OwnableError;PausableError;RWAError;RoleTransferError;SimpleThresholdError;SmartAccountError;SorobanFixedPointError;SpendingLimitError;TimelockError;TokenBinderError;VaultTokenError;VotesError;WebAuthnError;WeightedThresholdError,25.3.0,
fe330b753864445723ac65eb945e5f291f63bb927968b7bc471238135fd9a11c,1,0.6.0,stellar-access;stellar-contract-utils,AccessControlError;CryptoError;MerkleDistributorError;OwnableError;PausableError;RoleTransferError;SorobanFixedPointError;UpgradeableError,23.5.3,
fe90f52a288c2188727adc064147da494e7e208c05507df5939b9b3e93c97ecd,1,0.5.0,stellar-access;stellar-contract-utils,AccessControlError;CryptoError;MerkleDistributorError;OwnableError;PausableError;RoleTransferError;SorobanFixedPointError;UpgradeableError,23.1.0,
ff7edeb5396eeb09bb26d7a2b29154b8f73698bd022e5d0ace77335246ec67f7,1,"0.4.0,0.4.1,0.5.0",stellar-access,AccessControlError;OwnableError;RoleTransferError,22.0.8,
011c41afca8bb3d64635660beaa425c5f91c9fd0ca02f228d53a450f58ac50cd,0,"0.4.0,0.4.1,0.5.0",stellar-access;stellar-tokens,AccessControlError;FungibleTokenError;NonFungibleTokenError;OwnableError;RoleTransferError,22.0.8,
07d2be4bff8337a9c2b7996977d11442b7e4e2d90bb09c91de1c192b595da176,0,0.6.0,stellar-contract-utils,CryptoError;MerkleDistributorError;PausableError;SorobanFixedPointError;UpgradeableError,23.5.2,
082178f13c7a74a62bacbdbfbe4436cea2660761a96df547e17cf1618ca94bd3,0,"0.4.0,0.4.1,0.5.0",stellar-access;stellar-tokens,AccessControlError;FungibleTokenError;NonFungibleTokenError;OwnableError;RoleTransferError,22.0.11,
0eb943385bc490c0c540d41d7aee553d6f17dacf2915dc010653b313ea3395c7,0,"0.4.0,0.4.1,0.5.0",stellar-access;stellar-contract-utils;stellar-tokens,AccessControlError;CryptoError;FungibleTokenError;MerkleDistributorError;NonFungibleTokenError;OwnableError;PausableError;RoleTransferError;UpgradeableError,22.0.8,
13e408b80433c7a12366f744020bbdbb8effbb16c4f76b063498e5e558f3270f,0,"0.4.0,0.4.1,0.5.0",stellar-access;stellar-tokens,AccessControlError;FungibleTokenError;NonFungibleTokenError;OwnableError;RoleTransferError,22.0.8,
2375073cd353887140c1255685f0541c76bf2589c67058f8a79337ff693989cf,0,0.6.0,stellar-access;stellar-contract-utils;stellar-tokens,AccessControlError;ClaimIssuerError;ClaimTopicsAndIssuersError;ClaimsError;ComplianceError;CryptoError;DocumentError;FungibleTokenError;IRSError;MerkleDistributorError;NonFungibleTokenError;OwnableError;PausableError;RWAError;RoleTransferError;SorobanFixedPointError;TokenBinderError;UpgradeableError;VaultTokenError,23.5.1,
257b603c6fc6798985cfb5541a2e03559e81461efd13f6e3816f817607f18b19,0,"0.4.0,0.4.1,0.5.0",stellar-access;stellar-tokens,AccessControlError;FungibleTokenError;NonFungibleTokenError;OwnableError;RoleTransferError,22.0.11,
295aafdaee65cb1de20e3edd9394cc2cd3f74654a24087b34c15ab9e89b6f226,0,"0.4.0,0.4.1,0.5.0",stellar-access;stellar-contract-utils;stellar-tokens,AccessControlError;CryptoError;FungibleTokenError;MerkleDistributorError;NonFungibleTokenError;OwnableError;PausableError;RoleTransferError;UpgradeableError,22.0.8,
3d3f79e97dbe76b1f8fbe2095ddcd03738ff9988ec74ec9d9fb47bf8c661694f,0,0.6.0,stellar-contract-utils,CryptoError;MerkleDistributorError;PausableError;SorobanFixedPointError;UpgradeableError,23.4.1,
3e24f11c4f11d86bf620e6105199336b56229fcb1ee4e6a706d1b26fed772ca1,0,"0.7.0,0.7.1,0.7.2",stellar-accounts,SmartAccountError,25.3.0,
3e44006fa7750ef252ab0ffdb5150fc82caf3d9d7c82d69e1b91600f64b7834b,0,"0.4.0,0.4.1,0.5.0",stellar-access;stellar-contract-utils;stellar-tokens,AccessControlError;CryptoError;FungibleTokenError;MerkleDistributorError;NonFungibleTokenError;OwnableError;PausableError;RoleTransferError;UpgradeableError,22.0.8,
503c77f2b0d7810273544c4a56ef5c6d38730d48481c1860de3c41a3e6404a92,0,"0.4.0,0.4.1,0.5.0",stellar-access;stellar-contract-utils;stellar-tokens,AccessControlError;CryptoError;FungibleTokenError;MerkleDistributorError;NonFungibleTokenError;OwnableError;PausableError;RoleTransferError;UpgradeableError,22.0.8,
521f18f6f93f3f9652dd72dea53f5acfd16c90250a323dff783808159947015a,0,0.6.0,stellar-access;stellar-contract-utils;stellar-tokens,AccessControlError;ClaimIssuerError;ClaimTopicsAndIssuersError;ClaimsError;ComplianceError;CryptoError;DocumentError;FungibleTokenError;IRSError;MerkleDistributorError;NonFungibleTokenError;OwnableError;PausableError;RWAError;RoleTransferError;SorobanFixedPointError;TokenBinderError;UpgradeableError;VaultTokenError,23.5.1,
5d7e3d16c78437f14fc032d0d08962e9fb0a4ec426b9deb7ff38b081ff283d57,0,"0.4.0,0.4.1,0.5.0",stellar-access;stellar-contract-utils;stellar-tokens,AccessControlError;CryptoError;FungibleTokenError;MerkleDistributorError;NonFungibleTokenError;OwnableError;PausableError;RoleTransferError;UpgradeableError,22.0.8,
6f2afa08f67a68e225a5109103c52f313e42ea0449be0a40369a4ba1a9189fc4,0,undetermined (0.4.0-0.7.2),,,25.3.1,
7b2ec5a435b3995eee29f54a8a776e1edb347f8270ea3bce958a18ca994a3f83,0,0.5.0,stellar-contract-utils;stellar-tokens,ClaimIssuerError;ClaimTopicsAndIssuersError;ClaimsError;ComplianceError;CryptoError;DocumentError;FungibleTokenError;IRSError;MerkleDistributorError;NonFungibleTokenError;PausableError;RWAError;TokenBinderError;UpgradeableError,25.0.2,
7cff09b348bc2f69ae213f94874289da8ab777ab4761eee2c5d472dd0d2fa64d,0,0.6.0,stellar-access;stellar-contract-utils;stellar-tokens,AccessControlError;ClaimIssuerError;ClaimTopicsAndIssuersError;ClaimsError;ComplianceError;CryptoError;DocumentError;FungibleTokenError;IRSError;MerkleDistributorError;NonFungibleTokenError;OwnableError;PausableError;RWAError;RoleTransferError;SorobanFixedPointError;TokenBinderError;UpgradeableError;VaultTokenError,23.5.1,
7fda2be4911ad2f96417ab62db471e3233e31b1b713f236ea9f83070066307e3,0,0.5.0,stellar-access;stellar-contract-utils;stellar-tokens,AccessControlError;ClaimIssuerError;ClaimTopicsAndIssuersError;ClaimsError;ComplianceError;CryptoError;DocumentError;FungibleTokenError;IRSError;MerkleDistributorError;NonFungibleTokenError;OwnableError;PausableError;RWAError;RoleTransferError;SorobanFixedPointError;TokenBinderError;UpgradeableError;VaultTokenError,23.4.0,
81040dbc5d90d8d851de967b967c6b2296ae9f8ab3f2369c941d602f86773049,0,0.5.0,stellar-contract-utils;stellar-tokens,ClaimIssuerError;ClaimTopicsAndIssuersError;ClaimsError;ComplianceError;CryptoError;DocumentError;FungibleTokenError;IRSError;MerkleDistributorError;NonFungibleTokenError;PausableError;RWAError;TokenBinderError;UpgradeableError,25.0.2,
815cbef1dc94cce14a794fe03e6f1b27cd837cad0ba134442a1283e5bceb3432,0,0.5.0,stellar-contract-utils;stellar-tokens,ClaimIssuerError;ClaimTopicsAndIssuersError;ClaimsError;ComplianceError;CryptoError;DocumentError;FungibleTokenError;IRSError;MerkleDistributorError;NonFungibleTokenError;PausableError;RWAError;TokenBinderError;UpgradeableError,25.0.2,
a254e2869bcd8ab22c0617232864988e7d0200b8b25961486a4e8cf0bab95fa8,0,0.5.0,stellar-access;stellar-contract-utils;stellar-tokens,AccessControlError;ClaimIssuerError;ClaimTopicsAndIssuersError;ClaimsError;ComplianceError;CryptoError;DocumentError;FungibleTokenError;IRSError;MerkleDistributorError;NonFungibleTokenError;OwnableError;PausableError;RWAError;RoleTransferError;SorobanFixedPointError;TokenBinderError;UpgradeableError;VaultTokenError,23.4.0,
b44b69dfce12d3080a53b792fbcd3931898630a4664ec781facae3f52df2efa2,0,0.6.0,stellar-access;stellar-contract-utils;stellar-tokens,AccessControlError;ClaimIssuerError;ClaimTopicsAndIssuersError;ClaimsError;ComplianceError;CryptoError;DocumentError;FungibleTokenError;IRSError;MerkleDistributorError;NonFungibleTokenError;OwnableError;PausableError;RWAError;RoleTransferError;SorobanFixedPointError;TokenBinderError;UpgradeableError;VaultTokenError,23.5.1,
cb42be9bddede98ed718a5cd3dcce8404c12bfdef79144cc016eeb2dd8b14ba5,0,0.6.0,stellar-contract-utils,CryptoError;MerkleDistributorError;PausableError;SorobanFixedPointError;UpgradeableError,23.4.1,
cd236b809d35c4b1a62aa4e34ccfacd78935ae3014550a9fdb085d42d36fd8fc,0,undetermined (0.4.0-0.7.2),,,25.3.1,
ceb168b15ae12371c39507bf8ce3abc3de0a2d568587dec1fa6c754221e2b80a,0,"0.4.0,0.4.1,0.5.0",stellar-access;stellar-contract-utils;stellar-tokens,AccessControlError;CryptoError;FungibleTokenError;MerkleDistributorError;NonFungibleTokenError;OwnableError;PausableError;RoleTransferError;UpgradeableError,22.0.8,
d9e4643ce85b3f3affef1b69d33556e25a9baba850c13762c18a6e0c96cb22f2,0,0.5.0,stellar-contract-utils;stellar-tokens,ClaimIssuerError;ClaimTopicsAndIssuersError;ClaimsError;ComplianceError;CryptoError;DocumentError;FungibleTokenError;IRSError;MerkleDistributorError;NonFungibleTokenError;PausableError;RWAError;TokenBinderError;UpgradeableError,23.0.2,
dfad78f7ef4262603f7ffa765a04bba61fbbe92dd1f5e6c22b5f274ba05860f8,0,"0.4.0,0.4.1,0.5.0",stellar-access;stellar-contract-utils;stellar-tokens,AccessControlError;CryptoError;FungibleTokenError;MerkleDistributorError;NonFungibleTokenError;OwnableError;PausableError;RoleTransferError;UpgradeableError,22.0.8,
e8bf9c7c3c8a9f0edd25f9ff2db8471955c3ded4ff8b9dc174858fbc163bb261,0,0.5.0,stellar-access;stellar-contract-utils;stellar-tokens,AccessControlError;ClaimIssuerError;ClaimTopicsAndIssuersError;ClaimsError;ComplianceError;CryptoError;DocumentError;FungibleTokenError;IRSError;MerkleDistributorError;NonFungibleTokenError;OwnableError;PausableError;RWAError;RoleTransferError;SorobanFixedPointError;TokenBinderError;UpgradeableError;VaultTokenError,23.1.0,
f52968630b8ae863f88f1111fca66cb1325163da9ef3b1bcbd7e1d55482e2f9c,0,"0.4.0,0.4.1,0.5.0",stellar-access;stellar-tokens,AccessControlError;FungibleTokenError;NonFungibleTokenError;OwnableError;RoleTransferError,22.0.11,
f691dfbe476da8c1b9bd7da665d77b3d3b525090a637d70ae7d33a384f7a3475,0,0.6.0,stellar-access;stellar-contract-utils;stellar-tokens,AccessControlError;ClaimIssuerError;ClaimTopicsAndIssuersError;ClaimsError;ComplianceError;CryptoError;DocumentError;FungibleTokenError;IRSError;MerkleDistributorError;NonFungibleTokenError;OwnableError;PausableError;RWAError;RoleTransferError;SorobanFixedPointError;TokenBinderError;UpgradeableError;VaultTokenError,23.5.1,
f6e18a3e7bcd8080dbb69c4d5b0ad09495b907838deb9b295364983a49a2d81c,0,0.5.0,stellar-access;stellar-contract-utils;stellar-tokens,AccessControlError;ClaimIssuerError;ClaimTopicsAndIssuersError;ClaimsError;ComplianceError;CryptoError;DocumentError;FungibleTokenError;IRSError;MerkleDistributorError;NonFungibleTokenError;OwnableError;PausableError;RWAError;RoleTransferError;SorobanFixedPointError;TokenBinderError;UpgradeableError;VaultTokenError,23.4.0,
